Workbook

Sheet Aero y mesh
E2: x= 15 m
B4: alfa | C4: Coeff Sustentación | D4: Coeff Resistencia | E4: Coeff Momentos | F4: Rend aerodinámico | H4: Número de nodos | I4: Número de elementos | J4: Calidad Aspect Ratio Max | K4: Calidad min orthogonal ratio
B6: -5 | C6: -0.07 | D6: 0.0292 | E6: -0.0397 | F6: =C6/D6 -> -2.3972603 | H6: 87341 | I6: 473300 | J6: 125.31 | K6: 0.0102951
B7: -4 | C7: 0.0359 | D7: 0.0269 | E7: -0.0423 | F7: =C7/D7 -> 1.3345725 | H7: 86791 | I7: 470696 | J7: 198.553 | K7: 0.00883256
B8: -3 | C8: 0.1456 | D8: 0.0265 | E8: -0.0488 | F8: =C8/D8 -> 5.4943396 | H8: 87155 | I8: 472181 | J8: 112.66 | K8: 0.020276
B9: -2 | C9: 0.252 | D9: 0.0274 | E9: -0.0608 | F9: =C9/D9 -> 9.1970803 | H9: 86893 | I9: 470635 | J9: 87.2705 | K9: 0.0217952
B10: -1 | C10: 0.362 | D10: 0.03 | E10: -0.079 | F10: =C10/D10 -> 12.066667 | H10: 87118 | I10: 472130 | J10: 64.8864 | K10: 0.0444164
B11: 0 | C11: 0.468 | D11: 0.0333 | E11: -0.0955 | F11: =C11/D11 -> 14.054054 | H11: 87306 | I11: 473221 | J11: 146.72 | K11: 0.0134789
B12: 1 | C12: 0.5748 | D12: 0.0379 | E12: -0.119 | F12: =C12/D12 -> 15.166227 | H12: 86933 | I12: 470874 | J12: 75.0645 | K12: 0.04
B13: 2 | C13: 0.675 | D13: 0.0442 | E13: -0.146 | F13: =C13/D13 -> 15.271493 | H13: 87139 | I13: 472213 | J13: 89.116 | K13: 0.00999
B14: 3 | C14: 0.777 | D14: 0.0516 | E14: -0.177 | F14: =C14/D14 -> 15.05814 | H14: 86991 | I14: 471446 | J14: 87.98 | K14: 0.0279956
B15: 4 | C15: 0.87279 | D15: 0.06135 | E15: -0.21433 | F15: =C15/D15 -> 14.226406 | H15: 87123 | I15: 471995 | J15: 107.955 | K15: 0.0094216
B16: 5 | C16: 0.96441 | D16: 0.07253 | E16: -0.2559 | F16: =C16/D16 -> 13.296705 | H16: 87166 | I16: 472296 | J16: 92.3836 | K16: 0.025587
B17: 6 | C17: 1.0457 | D17: 0.08412 | E17: -0.298 | F17: =C17/D17 -> 12.431051 | H17: 86791 | I17: 470364 | J17: 88.6853 | K17: 0.0215322
... B26: 15 | C26: 1.1513 | D26: 0.26685 | E26: -0.7789 | F26: =C26/D26 -> 4.3144088 | H26: 86743 | I26: 470078 | J26: 115.76 | K26: 0.00703892

Sheet Efecto suelo
B3: alfa = 0º | J3: alfa 0º sin efecto suelo
B4: tamaño divisiones | C4: h | D4: h/(b/2) | E4: Coeff Sust | F4: Coeff Resist | G4: Coeff mom | H4: Rendimiento aerodi | K4: Cl | L4: Cd | M4: Cm | N4: rend
A5: b/2 | B5: 0.1 | C5: =2.5 -> 2.5 | D5: =C5/$A$6 -> 0.16666667 | E5: 0.46753654 | F5: 0.030147959 | G5: -0.13383678 | H5: =E5/F5 -> 15.508066 | K5: ='Aero y mesh'!$C$11 -> 0.468 | L5: ='Aero y mesh'!$D$11 -> 0.0333 | M5: ='Aero y mesh'!$E$11 -> -0.0955 | N5: ='Aero y mesh'!$F$11 -> 14.054054
A6: 15 | C6: =C5+$B$5 -> 2.6 | D6: =C6/$A$6 -> 0.17333333 | E6: 0.47110191 | F6: 0.030384137 | G6: -0.13145998 | H6: =E6/F6 -> 15.504864 | K6: ='Aero y mesh'!$C$11 -> 0.468 | L6: ='Aero y mesh'!$D$11 -> 0.0333 | M6: ='Aero y mesh'!$E$11 -> -0.0955 | N6: ='Aero y mesh'!$F$11 -> 14.054054
C7: =C6+$B$5 -> 2.7 | D7: =C7/$A$6 -> 0.18 | E7: 0.47431565 | F7: 0.030459636 | G7: -0.13022242 | H7: =E7/F7 -> 15.571941 | K7: ='Aero y mesh'!$C$11 -> 0.468 | L7: ='Aero y mesh'!$D$11 -> 0.0333 | M7: ='Aero y mesh'!$E$11 -> -0.0955 | N7: ='Aero y mesh'!$F$11 -> 14.054054
C8: =C7+$B$5 -> 2.8 | D8: =C8/$A$6 -> 0.18666667 | E8: 0.47752938 | F8: 0.030535135 | G8: -0.12898486 | H8: =E8/F8 -> 15.638686 | K8: ='Aero y mesh'!$C$11 -> 0.468 | L8: ='Aero y mesh'!$D$11 -> 0.0333 | M8: ='Aero y mesh'!$E$11 -> -0.0955 | N8: ='Aero y mesh'!$F$11 -> 14.054054
C9: =C8+$B$5 -> 2.9 | D9: =C9/$A$6 -> 0.19333333 | E9: 0.48074312 | F9: 0.030610634 | G9: -0.1277473 | H9: =E9/F9 -> 15.705102 | K9: ='Aero y mesh'!$C$11 -> 0.468 | L9: ='Aero y mesh'!$D$11 -> 0.0333 | M9: ='Aero y mesh'!$E$11 -> -0.0955 | N9: ='Aero y mesh'!$F$11 -> 14.054054
C10: =C9+$B$5 -> 3 | D10: =C10/$A$6 -> 0.2 | E10: 0.48395685 | F10: 0.030686133 | G10: -0.12650974 | H10: =E10/F10 -> 15.77119 | K10: ='Aero y mesh'!$C$11 -> 0.468 | L10: ='Aero y mesh'!$D$11 -> 0.0333 | M10: ='Aero y mesh'!$E$11 -> -0.0955 | N10: ='Aero y mesh'!$F$11 -> 14.054054
C11: =C10+$B$5 -> 3.1 | D11: =C11/$A$6 -> 0.20666667 | E11: 0.48717058 | F11: 0.030761632 | G11: -0.12527218 | H11: =E11/F11 -> 15.836955 | K11: ='Aero y mesh'!$C$11 -> 0.468 | L11: ='Aero y mesh'!$D$11 -> 0.0333 | M11: ='Aero y mesh'!$E$11 -> -0.0955 | N11: ='Aero y mesh'!$F$11 -> 14.054054
C12: =C11+$B$5 -> 3.2 | D12: =C12/$A$6 -> 0.21333333 | E12: 0.49038432 | F12: 0.030837131 | G12: -0.12403462 | H12: =E12/F12 -> 15.902398 | K12: ='Aero y mesh'!$C$11 -> 0.468 | L12: ='Aero y mesh'!$D$11 -> 0.0333 | M12: ='Aero y mesh'!$E$11 -> -0.0955 | N12: ='Aero y mesh'!$F$11 -> 14.054054
C13: =C12+$B$5 -> 3.3 | D13: =C13/$A$6 -> 0.22 | E13: 0.49359805 | F13: 0.03091263 | G13: -0.12279706 | H13: =E13/F13 -> 15.96752 | K13: ='Aero y mesh'!$C$11 -> 0.468 | L13: ='Aero y mesh'!$D$11 -> 0.0333 | M13: ='Aero y mesh'!$E$11 -> -0.0955 | N13: ='Aero y mesh'!$F$11 -> 14.054054
C14: =C13+$B$5 -> 3.4 | D14: =C14/$A$6 -> 0.22666667 | E14: 0.49478458 | F14: 0.030966604 | G14: -0.12177178 | H14: =E14/F14 -> 15.978006 | K14: ='Aero y mesh'!$C$11 -> 0.468 | L14: ='Aero y mesh'!$D$11 -> 0.0333 | M14: ='Aero y mesh'!$E$11 -> -0.0955 | N14: ='Aero y mesh'!$F$11 -> 14.054054
C15: =C14+$B$5 -> 3.5 | D15: =C15/$A$6 -> 0.23333333 | E15: 0.4943944 | F15: 0.031003836 | G15: -0.12091159 | H15: =E15/F15 -> 15.946233 | K15: ='Aero y mesh'!$C$11 -> 0.468 | L15: ='Aero y mesh'!$D$11 -> 0.0333 | M15: ='Aero y mesh'!$E$11 -> -0.0955 | N15: ='Aero y mesh'!$F$11 -> 14.054054
C16: =C15+$B$5 -> 3.6 | D16: =C16/$A$6 -> 0.24 | E16: 0.49400422 | F16: 0.031041068 | G16: -0.12005141 | H16: =E16/F16 -> 15.914537 | K16: ='Aero y mesh'!$C$11 -> 0.468 | L16: ='Aero y mesh'!$D$11 -> 0.0333 | M16: ='Aero y mesh'!$E$11 -> -0.0955 | N16: ='Aero y mesh'!$F$11 -> 14.054054
C17: =C16+$B$5 -> 3.7 | D17: =C17/$A$6 -> 0.24666667 | E17: 0.49361404 | F17: 0.0310783 | G17: -0.11919123 | H17: =E17/F17 -> 15.882917 | K17: ='Aero y mesh'!$C$11 -> 0.468 | L17: ='Aero y mesh'!$D$11 -> 0.0333 | M17: ='Aero y mesh'!$E$11 -> -0.0955 | N17: ='Aero y mesh'!$F$11 -> 14.054054
C18: =C17+$B$5 -> 3.8 | D18: =C18/$A$6 -> 0.25333333 | E18: 0.49322386 | F18: 0.031115531 | G18: -0.11833104 | H18: =E18/F18 -> 15.851372 | K18: ='Aero y mesh'!$C$11 -> 0.468 | L18: ='Aero y mesh'!$D$11 -> 0.0333 | M18: ='Aero y mesh'!$E$11 -> -0.0955 | N18: ='Aero y mesh'!$F$11 -> 14.054054
... C130: =C129+$B$5 -> 15 | D130: =C130/$A$6 -> 1 | E130: 0.47988716 | F130: 0.032945532 | G130: -0.098765583 | H130: =E130/F130 -> 14.566077 | K130: ='Aero y mesh'!$C$11 -> 0.468 | L130: ='Aero y mesh'!$D$11 -> 0.0333 | M130: ='Aero y mesh'!$E$11 -> -0.0955 | N130: ='Aero y mesh'!$F$11 -> 14.054054

Sheet v2
B3: alfa = 0º | J3: alfa 0º sin efecto suelo
B4: tamaño divisiones | C4: h | D4: h/(b/2) | E4: Coeff Sust | F4: Coeff Resist | G4: Coeff mom | H4: Rendimiento aerodi | K4: Cl | L4: Cd | M4: Cm | N4: rend
A5: b/2 | B5: 0.1 | C5: =2.5 -> 2.5 | D5: =C5/$A$6 -> 0.16666667 | E5: 0.46852747 | F5: 0.030108098 | G5: -0.13352935 | H5: =E5/F5 -> 15.56151 | K5: ='Aero y mesh'!$C$11 -> 0.468 | L5: ='Aero y mesh'!$D$11 -> 0.0333 | M5: ='Aero y mesh'!$E$11 -> -0.0955 | N5: ='Aero y mesh'!$F$11 -> 14.054054
A6: 15 | C6: =C5+$B$5 -> 2.6 | D6: =C6/$A$6 -> 0.17333333 | E6: 0.47190317 | F6: 0.030189247 | G6: -0.13197908 | H6: =E6/F6 -> 15.631498 | K6: ='Aero y mesh'!$C$11 -> 0.468 | L6: ='Aero y mesh'!$D$11 -> 0.0333 | M6: ='Aero y mesh'!$E$11 -> -0.0955 | N6: ='Aero y mesh'!$F$11 -> 14.054054
C7: =C6+$B$5 -> 2.7 | D7: =C7/$A$6 -> 0.18 | E7: 0.47527887 | F7: 0.030270397 | G7: -0.13042881 | H7: =E7/F7 -> 15.701111 | K7: ='Aero y mesh'!$C$11 -> 0.468 | L7: ='Aero y mesh'!$D$11 -> 0.0333 | M7: ='Aero y mesh'!$E$11 -> -0.0955 | N7: ='Aero y mesh'!$F$11 -> 14.054054
C8: =C7+$B$5 -> 2.8 | D8: =C8/$A$6 -> 0.18666667 | E8: 0.47865456 | F8: 0.030351546 | G8: -0.12887854 | H8: =E8/F8 -> 15.770352 | K8: ='Aero y mesh'!$C$11 -> 0.468 | L8: ='Aero y mesh'!$D$11 -> 0.0333 | M8: ='Aero y mesh'!$E$11 -> -0.0955 | N8: ='Aero y mesh'!$F$11 -> 14.054054
C9: =C8+$B$5 -> 2.9 | D9: =C9/$A$6 -> 0.19333333 | E9: 0.48203026 | F9: 0.030432695 | G9: -0.12732827 | H9: =E9/F9 -> 15.839223 | K9: ='Aero y mesh'!$C$11 -> 0.468 | L9: ='Aero y mesh'!$D$11 -> 0.0333 | M9: ='Aero y mesh'!$E$11 -> -0.0955 | N9: ='Aero y mesh'!$F$11 -> 14.054054
C10: =C9+$B$5 -> 3 | D10: =C10/$A$6 -> 0.2 | E10: 0.48540596 | F10: 0.030513845 | G10: -0.125778 | H10: =E10/F10 -> 15.907729 | K10: ='Aero y mesh'!$C$11 -> 0.468 | L10: ='Aero y mesh'!$D$11 -> 0.0333 | M10: ='Aero y mesh'!$E$11 -> -0.0955 | N10: ='Aero y mesh'!$F$11 -> 14.054054
C11: =C10+$B$5 -> 3.1 | D11: =C11/$A$6 -> 0.20666667 | E11: 0.48878166 | F11: 0.030594994 | G11: -0.12422773 | H11: =E11/F11 -> 15.97587 | K11: ='Aero y mesh'!$C$11 -> 0.468 | L11: ='Aero y mesh'!$D$11 -> 0.0333 | M11: ='Aero y mesh'!$E$11 -> -0.0955 | N11: ='Aero y mesh'!$F$11 -> 14.054054
C12: =C11+$B$5 -> 3.2 | D12: =C12/$A$6 -> 0.21333333 | E12: 0.49215736 | F12: 0.030676143 | G12: -0.12267745 | H12: =E12/F12 -> 16.043652 | K12: ='Aero y mesh'!$C$11 -> 0.468 | L12: ='Aero y mesh'!$D$11 -> 0.0333 | M12: ='Aero y mesh'!$E$11 -> -0.0955 | N12: ='Aero y mesh'!$F$11 -> 14.054054
C13: =C12+$B$5 -> 3.3 | D13: =C13/$A$6 -> 0.22 | E13: 0.4950549 | F13: 0.030753991 | G13: -0.12122842 | H13: =E13/F13 -> 16.097257 | K13: ='Aero y mesh'!$C$11 -> 0.468 | L13: ='Aero y mesh'!$D$11 -> 0.0333 | M13: ='Aero y mesh'!$E$11 -> -0.0955 | N13: ='Aero y mesh'!$F$11 -> 14.054054
C14: =C13+$B$5 -> 3.4 | D14: =C14/$A$6 -> 0.22666667 | E14: 0.49588044 | F14: 0.03081753 | G14: -0.12021806 | H14: =E14/F14 -> 16.090856 | K14: ='Aero y mesh'!$C$11 -> 0.468 | L14: ='Aero y mesh'!$D$11 -> 0.0333 | M14: ='Aero y mesh'!$E$11 -> -0.0955 | N14: ='Aero y mesh'!$F$11 -> 14.054054
C15: =C14+$B$5 -> 3.5 | D15: =C15/$A$6 -> 0.23333333 | E15: 0.49670598 | F15: 0.030881069 | G15: -0.11920771 | H15: =E15/F15 -> 16.084481 | K15: ='Aero y mesh'!$C$11 -> 0.468 | L15: ='Aero y mesh'!$D$11 -> 0.0333 | M15: ='Aero y mesh'!$E$11 -> -0.0955 | N15: ='Aero y mesh'!$F$11 -> 14.054054
C16: =C15+$B$5 -> 3.6 | D16: =C16/$A$6 -> 0.24 | E16: 0.49753151 | F16: 0.030944609 | G16: -0.11819735 | H16: =E16/F16 -> 16.078132 | K16: ='Aero y mesh'!$C$11 -> 0.468 | L16: ='Aero y mesh'!$D$11 -> 0.0333 | M16: ='Aero y mesh'!$E$11 -> -0.0955 | N16: ='Aero y mesh'!$F$11 -> 14.054054
C17: =C16+$B$5 -> 3.7 | D17: =C17/$A$6 -> 0.24666667 | E17: 0.49835705 | F17: 0.031008148 | G17: -0.117187 | H17: =E17/F17 -> 16.07181 | K17: ='Aero y mesh'!$C$11 -> 0.468 | L17: ='Aero y mesh'!$D$11 -> 0.0333 | M17: ='Aero y mesh'!$E$11 -> -0.0955 | N17: ='Aero y mesh'!$F$11 -> 14.054054
C18: =C17+$B$5 -> 3.8 | D18: =C18/$A$6 -> 0.25333333 | E18: 0.49918259 | F18: 0.031071687 | G18: -0.11617664 | H18: =E18/F18 -> 16.065513 | K18: ='Aero y mesh'!$C$11 -> 0.468 | L18: ='Aero y mesh'!$D$11 -> 0.0333 | M18: ='Aero y mesh'!$E$11 -> -0.0955 | N18: ='Aero y mesh'!$F$11 -> 14.054054
... C130: =C129+$B$5 -> 15 | D130: =C130/$A$6 -> 1 | E130: 0.47447681 | F130: 0.032532867 | G130: -0.099612832 | H130: =E130/F130 -> 14.584537 | K130: ='Aero y mesh'!$C$11 -> 0.468 | L130: ='Aero y mesh'!$D$11 -> 0.0333 | M130: ='Aero y mesh'!$E$11 -> -0.0955 | N130: ='Aero y mesh'!$F$11 -> 14.054054

Sheet Cp(y=3m)
A2: Entre el encastre y el motor
C3: X | D3: Y | G3: X | H3: Y | K3: X | L3: Y | O3: X | P3: Y | S3: X | T3: Y | W3: X | X3: Y | AA3: X | AB3: Y | AE3: X | AF3: Y | AI3: X | AJ3: Y | AM3: X | AN3: Y | AQ3: X | AR3: Y | AU3: X | AV3: Y | AY3: X | AZ3: Y | BC3: X | BD3: Y | BG3: X | BH3: Y | BK3: X | BL3: Y | BO3: X | BP3: Y | BS3: X | BT3: Y | BW3: X | BX3: Y | CA3: X | CB3: Y | CE3: X | CF3: Y
B5: alfa | F5: alfa | J5: alfa | N5: alfa | R5: alfa | V5: alfa | Z5: alfa | AD5: alfa | AH5: alfa | AL5: alfa | AP5: alfa | AT5: alfa | AX5: alfa | BB5: alfa | BF5: alfa | BJ5: alfa | BN5: alfa | BR5: alfa | BV5: alfa | BZ5: alfa | CD5: alfa
B6: -5 | F6: -4 | J6: -3 | N6: -2 | R6: -1 | V6: 0 | Z6: 1 | AD6: 2 | AH6: 3 | AL6: 4 | AP6: 5 | AT6: 6 | AX6: 7 | BB6: 8 | BF6: 9 | BJ6: 10 | BN6: 11 | BR6: 12 | BV6: 13 | BZ6: 14 | CD6: 15
C7: -1.25569 | D7: -0.548488 | G7: -0.284532 | H7: -0.361455 | K7: -0.874594 | L7: -0.407287 | O7: 0.235894 | P7: -0.360068 | S7: -2.07403 | T7: -0.274109 | W7: -11.8791 | X7: 0.548417 | AA7: 0.496072 | AB7: 0.00577764 | AE7: 1.90999 | AF7: 0.177061 | AI7: -0.193693 | AJ7: -0.500272 | AM7: 0.455333 | AN7: -0.42444 | AQ7: -2.57986 | AR7: -0.678292 | AU7: -1.14563 | AV7: -0.0195753 | AY7: 0.593136 | AZ7: -0.401708 | BC7: -11.7897 | BD7: 0.435133 | BG7: -1.8144 | BH7: 0.257925 | BK7: -1.65452 | BL7: 0.229776 | BO7: -1.59764 | BP7: 0.253021 | BS7: -9.07315 | BT7: -0.269669 | BW7: -1.65452 | BX7: 0.229731 | CA7: -0.510943 | CB7: -0.588179 | CE7: 1.15367 | CF7: -0.59566
C8: -0.993115 | D8: -0.523143 | G8: -0.423801 | H8: -0.382512 | K8: -1.02374 | L8: -0.418608 | O8: 0.0221331 | P8: -0.371753 | S8: -2.14354 | T8: -0.257934 | W8: -11.9008 | X8: 0.566156 | AA8: 0.16479 | AB8: -0.110352 | AE8: 1.87594 | AF8: 0.184154 | AI8: -0.169398 | AJ8: -0.497057 | AM8: 0.359481 | AN8: -0.442123 | AQ8: -2.58461 | AR8: -0.0696772 | AU8: -1.36264 | AV8: 0.0270545 | AY8: 0.870174 | AZ8: -0.33477 | BC8: -11.7093 | BD8: 0.456284 | BG8: -1.64081 | BH8: 0.198918 | BK8: -1.78787 | BL8: 0.27229 | BO8: -1.71621 | BP8: 0.293266 | BS8: -9.0775 | BT8: -0.269609 | BW8: -1.78787 | BX8: 0.272253 | CA8: -0.758293 | CB8: -0.65991 | CE8: 1.15065 | CF8: -0.59494
C9: -0.848546 | D9: -0.502732 | G9: -0.65915 | H9: -0.417385 | K9: -1.30847 | L9: -0.433387 | O9: -0.142987 | P9: -0.382028 | S9: -2.20238 | T9: -0.232594 | W9: -11.9013 | X9: 0.566241 | AA9: -0.0399006 | AB9: -0.168508 | AE9: 1.65614 | AF9: 0.236624 | AI9: 0.165958 | AJ9: -0.454289 | AM9: 0.0367304 | AN9: -0.486143 | AQ9: -2.58321 | AR9: 0.317286 | AU9: -1.5509 | AV9: 0.059405 | AY9: 1.03755 | AZ9: -0.290134 | BC9: -11.7087 | BD9: 0.456119 | BG9: -1.58038 | BH9: 0.177959 | BK9: -1.88723 | BL9: 0.317119 | BO9: -1.84682 | BP9: 0.340534 | BS9: -11.6432 | BT9: 0.417049 | BW9: -1.88723 | BX9: 0.317086 | CA9: -0.839367 | CB9: -0.684859 | CE9: 1.14788 | CF9: -0.594512
C10: -0.0815403 | D10: -0.34266 | G10: -0.864348 | H10: -0.453676 | K10: -1.43731 | L10: -0.442995 | O10: -0.377242 | P10: -0.390195 | S10: -2.28289 | T10: -0.178776 | W10: -11.9737 | X10: 0.561683 | AA10: -0.0964333 | AB10: -0.183519 | AE10: 1.58489 | AF10: 0.24186 | AI10: 0.171998 | AJ10: -0.453665 | AM10: -0.0389541 | AN10: -0.498085 | AQ10: -2.53146 | AR10: 0.632238 | AU10: -1.63616 | AV10: 0.0800152 | AY10: 1.21837 | AZ10: -0.227201 | BC10: -11.6838 | BD10: 0.431651 | BG10: -1.39257 | BH10: 0.140966 | BK10: -1.9677 | BL10: 0.355991 | BO10: -1.98978 | BP10: 0.407637 | BS10: -11.6683 | BT10: 0.454201 | BW10: -1.9677 | BX10: 0.355961 | CA10: -1.04499 | CB10: -0.785291 | CE10: 0.853315 | CF10: -0.524998
C11: -0.00986005 | D11: -0.324862 | G11: -1.00858 | H11: -0.473202 | K11: -1.48603 | L11: -0.445218 | O11: -0.489317 | P11: -0.397837 | S11: -2.30697 | T11: -0.169999 | W11: 10.6167 | X11: -0.0195576 | AA11: -0.149692 | AB11: -0.189518 | AE11: 1.26717 | AF11: 0.235638 | AI11: 0.189451 | AJ11: -0.451162 | AM11: -0.357735 | AN11: -0.55558 | AQ11: -2.52762 | AR11: 0.652862 | AU11: -1.78452 | AV11: 0.119417 | AY11: 1.31557 | AZ11: -0.195637 | BC11: -11.2944 | BD11: 0.0102212 | BG11: -1.18013 | BH11: 0.0959622 | BK11: -2.05907 | BL11: 0.400187 | BO11: -2.06918 | BP11: 0.4384 | BS11: -11.669 | BT11: 0.454523 | BW11: -2.05907 | BX11: 0.40016 | CA11: -1.12572 | CB11: -0.820388 | CE11: 0.72535 | CF11: -0.509766
C12: 0.0580915 | D12: -0.299835 | G12: -1.28003 | H12: -0.492911 | K12: -1.67384 | L12: -0.460652 | O12: -0.728879 | P12: -0.4118 | S12: -2.38188 | T12: -0.0733808 | W12: 10.7288 | X12: -0.0185508 | AA12: -0.357838 | AB12: -0.215775 | AE12: 1.26293 | AF12: 0.23559 | AI12: 0.553734 | AJ12: -0.399951 | AM12: -0.470639 | AN12: -0.575615 | AQ12: -2.48792 | AR12: 0.601745 | AU12: -1.87221 | AV12: 0.154429 | AY12: 1.5277 | AZ12: -0.103473 | BC12: -11.2946 | BD12: 0.0105109 | BG12: -1.04029 | BH12: 0.0733623 | BK12: -2.13388 | BL12: 0.443439 | BO12: -2.15844 | BP12: 0.484539 | BS12: -11.7504 | BT12: 0.432896 | BW12: -2.13388 | BX12: 0.443415 | CA12: -2.08712 | CB12: -2.12415 | CE12: 0.594782 | CF12: -0.490295
C13: 0.248439 | D13: -0.230057 | G13: -1.42245 | H13: -0.507075 | K13: -1.71768 | L13: -0.463998 | O13: -0.901392 | P13: -0.424754 | S13: -2.38685 | T13: -0.0652602 | W13: 10.7288 | X13: -0.0185521 | AA13: -0.514693 | AB13: -0.225786 | AE13: 1.25465 | AF13: 0.234183 | AI13: 0.672431 | AJ13: -0.377411 | AM13: -0.746748 | AN13: -0.621772 | AQ13: -2.43521 | AR13: 0.530838 | AU13: -2.00843 | AV13: 0.204222 | AY13: 1.59704 | AZ13: -0.0748672 | BC13: -11.2958 | BD13: 0.0118472 | BG13: -0.838582 | BH13: 0.0386642 | BK13: -2.23552 | BL13: 0.505949 | BO13: -2.2006 | BP13: 0.511598 | BS13: 16.0607 | BT13: 0.0343453 | BW13: -2.23552 | BX13: 0.505929 | CA13: -2.14731 | CB13: -2.27993 | CE13: 0.453241 | CF13: -0.481764
C14: 0.556138 | D14: -0.0961145 | G14: -1.48103 | H14: -0.512342 | K14: -1.90291 | L14: -0.473263 | O14: -1.021 | P14: -0.434342 | S14: -2.43102 | T14: 0.0612416 | W14: 10.8831 | X14: -0.0185219 | AA14: -0.732707 | AB14: -0.229934 | AE14: 0.940056 | AF14: 0.181303 | AI14: 1.00168 | AJ14: -0.315111 | AM14: -0.822149 | AN14: -0.642247 | AQ14: -2.42925 | AR14: 0.520313 | AU14: -2.09073 | AV14: 0.248595 | AY14: 1.63435 | AZ14: -0.0521175 | BC14: 15.2977 | BD14: 0.101434 | BG14: -0.619692 | BH14: 0.0176676 | BK14: -2.2414 | BL14: 0.509499 | BO14: -2.26729 | BP14: 0.562905 | BS14: 16.0602 | BT14: 0.0343138 | BW14: -2.2414 | BX14: 0.509479 | CA14: -2.18104 | CB14: -2.44657 | CE14: 0.330716 | CF14: -0.473207
C15: 0.706464 | D15: -0.0229961 | G15: -1.66722 | H15: -0.538427 | K15: -1.94914 | L15: -0.470498 | O15: -1.195 | P15: -0.453345 | S15: -2.47372 | T15: 0.186794 | W15: 10.8832 | X15: -0.0185195 | AA15: -0.941681 | AB15: -0.23313 | AE15: 0.748839 | AF15: 0.111738 | AI15: 1.04238 | AJ15: -0.307568 | AM15: -1.04027 | AN15: -0.695736 | AQ15: -2.39062 | AR15: 0.465725 | AU15: -2.15562 | AV15: 0.281886 | AY15: 1.8351 | AZ15: 0.072401 | BC15: 15.2963 | BD15: 0.101456 | BG15: -0.469239 | BH15: 0.0019078 | BK15: -2.25458 | BL15: 0.520259 | BO15: -2.3584 | BP15: 0.634416 | BS15: 15.9539 | BT15: 0.0399176 | BW15: -2.25458 | BX15: 0.520239 | CA15: -2.22731 | CB15: -2.73371 | CE15: 0.246581 | CF15: -0.469428
C16: 0.898385 | D16: 0.0734692 | G16: -1.737 | H16: -0.547579 | K16: -2.07203 | L16: -0.482092 | O16: -1.35309 | P16: -0.465705 | S16: -2.48239 | T16: 0.230192 | W16: 11.0391 | X16: -0.0148262 | AA16: -1.08122 | AB16: -0.231607 | AE16: 0.616322 | AF16: 0.0634348 | AI16: 1.08353 | AJ16: -0.297291 | AM16: -1.14881 | AN16: -0.730148 | AQ16: -2.3423 | AR16: 0.394666 | AU16: -2.2444 | AV16: 0.348602 | AY16: 1.83453 | AZ16: 0.0949491 | BC16: 15.2963 | BD16: 0.101456 | BG16: -0.266507 | BH16: -0.0037307 | BK16: -2.34475 | BL16: 0.595762 | BO16: -2.37034 | BP16: 0.639421 | BS16: 15.9534 | BT16: 0.0400031 | BW16: -2.34475 | BX16: 0.595746 | CA16: -2.28223 | CB16: -3.194 | CE16: -0.0476732 | CF16: -0.464992
C17: 0.983905 | D17: 0.113619 | G17: -1.89475 | H17: -0.572518 | K17: -2.09577 | L17: -0.482855 | O17: -1.45853 | P17: -0.478654 | S17: -2.53002 | T17: 0.483894 | W17: 11.0391 | X17: -0.0148252 | AA17: -1.29705 | AB17: -0.212013 | AE17: 0.490204 | AF17: 0.0218647 | AI17: 1.34984 | AJ17: -0.231109 | AM17: -1.32087 | AN17: -0.777291 | AQ17: -2.3314 | AR17: 0.379212 | AU17: -2.26841 | AV17: 0.366061 | AY17: 1.83297 | AZ17: 0.150307 | BC17: 15.1752 | BD17: 0.102509 | BG17: -0.210074 | BH17: -0.00642032 | BK17: -2.36361 | BL17: 0.606 | BO17: -2.4208 | BP17: 0.666656 | BS17: 15.8458 | BT17: 0.0428289 | BW17: -2.36361 | BX17: 0.605984 | CA17: -2.32124 | CB17: -3.49724 | CE17: -0.135714 | CF17: -0.465844
C18: -2.43927 | D18: -0.436179 | G18: -1.96356 | H18: -0.578483 | K18: -2.19759 | L18: -0.475744 | O18: -1.54662 | P18: -0.487867 | S18: -2.54916 | T18: 0.547836 | W18: 11.0392 | X18: -0.0148287 | AA18: -1.49235 | AB18: -0.200187 | AE18: 0.150648 | AF18: -0.0846153 | AI18: 1.46551 | AJ18: -0.176299 | AM18: -1.37686 | AN18: -0.798027 | AQ18: -2.24199 | AR18: 0.291424 | AU18: -2.29259 | AV18: 0.392295 | AY18: 1.75451 | AZ18: 0.185521 | BC18: 15.1751 | BD18: 0.102508 | BG18: -0.146501 | BH18: 0.000317677 | BK18: -2.42814 | BL18: 0.652632 | BO18: -2.45216 | BP18: 0.682976 | BS18: 15.8455 | BT18: 0.0427849 | BW18: -2.42814 | BX18: 0.652619 | CA18: -2.40303 | CB18: -4.36682 | CE18: -0.410377 | CF18: -0.472963
... C65: 1.48465 | D65: -0.185142 | G65: 1.09119 | H65: -0.254917 | K65: 1.44425 | L65: -0.213228 | O65: 0.669047 | P65: 0.0146348 | S65: -1.96528 | T65: -0.288954 | W65: 16.1831 | X65: 0.00775255 | AA65: 0.11398 | AB65: -0.428193 | AE65: -1.371 | AF65: -0.692777 | AI65: -1.75787 | AJ65: -0.0504471 | AM65: 0.12223 | AN65: -0.0545102 | AQ65: -2.3047 | AR65: -2.038 | AU65: 1.85133 | AV65: 0.0922481 | AY65: -2.18306 | AZ65: -1.90152 | BC65: 16.4959 | BD65: 0.0475774 | BG65: -2.02548 | BH65: -1.7713 | BK65: 1.51061 | BL65: -0.0885549 | BO65: 0.810563 | BP65: 0.227752 | BS65: 16.378 | BT65: 0.0479785 | BW65: 1.51061 | BX65: -0.0882378 | CA65: -1.45596 | CB65: 0.251497 | CE65: -0.546908 | CF65: -0.000338454
C66: 1.18253 | D66: -0.239437 | G66: 1.13161 | H66: -0.251072 | K66: 1.4993 | L66: -0.193473 | O66: 0.903781 | P66: 0.114379 | S66: -1.91363 | T66: -0.300976 | W66: 16.1836 | X66: 0.00776162 | AA66: 0.182063 | AB66: -0.421955 | AE66: -1.31965 | AF66: -0.677968 | AI66: -1.60438 | AJ66: -0.077205 | AM66: 0.480033 | AN66: 0.0525319 | AQ66: -2.1946 | AR66: -1.62484 | AU66: 1.85014 | AV66: 0.135462 | AY66: -2.15789 | AZ66: -1.83357 | BC66: 16.3908 | BD66: 0.038175 | BG66: -1.91398 | BH66: -1.56641 | BK66: 1.594 | BL66: -0.0545882 | BS66: 16.3788 | BT66: 0.0479612 | BW66: 1.594 | BX66: -0.0542781 | CA66: -1.61987 | CB66: 0.299026 | CE66: -0.689254 | CF66: 0.0292861
C67: 1.16181 | D67: -0.243065 | G67: 1.20829 | H67: -0.238002 | K67: 1.69856 | L67: -0.11015 | O67: 0.987039 | P67: 0.150203 | S67: -1.74123 | T67: -0.30943 | W67: 16.2936 | X67: 0.0201947 | AA67: 0.395498 | AB67: -0.393837 | AE67: -1.14213 | AF67: -0.638925 | AI67: -1.51716 | AJ67: -0.0936788 | AM67: 0.588817 | AN67: 0.0875668 | AQ67: -2.15229 | AR67: -1.51757 | AU67: 1.84951 | AV67: 0.160124 | AY67: -2.12771 | AZ67: -1.77168 | BC67: 16.3899 | BD67: 0.0382079 | BG67: -1.74824 | BH67: -1.36112 | BK67: 1.65251 | BL67: -0.0269173 | BO67: -1.59764 | BP67: 0.253021 | BS67: 16.4841 | BT67: 0.0486863 | BW67: 1.65251 | BX67: -0.026617 | CA67: -1.68534 | CB67: 0.323593 | CE67: -0.907378 | CF67: 0.0683995
C68: 1.13899 | D68: -0.244901 | G68: 1.44216 | H68: -0.203834 | K68: 1.81258 | L68: -0.0274232 | O68: 1.02402 | P68: 0.158095 | S68: -1.70134 | T68: -0.311277 | W68: 16.2941 | X68: 0.0202436 | AA68: 0.551209 | AB68: -0.374503 | AE68: -1.03704 | AF68: -0.615304 | AI68: -1.32635 | AJ68: -0.115326 | AM68: 0.800188 | AN68: 0.159117 | AQ68: -2.04884 | AR68: -1.35635 | AU68: 1.84951 | AV68: 0.160124 | AY68: -2.04394 | AZ68: -1.58207 | BC68: 16.2845 | BD68: 0.039084 | BG68: -1.73885 | BH68: -1.34925 | BK68: 1.78307 | BL68: 0.0296456 | BO68: -1.42123 | BP68: 0.211577 | BS68: 16.4848 | BT68: 0.0486862 | BW68: 1.78307 | BX68: 0.0299111 | CA68: -1.82792 | CB68: 0.379262 | CE68: -1.11487 | CF68: 0.125233
C69: 0.873998 | D69: -0.268714 | G69: 1.6393 | H69: -0.122393 | K69: 1.93116 | L69: 0.0448596 | O69: 1.31649 | P69: 0.214142 | S69: -1.50926 | T69: -0.316812 | W69: 16.4042 | X69: 0.0342266 | AA69: 0.686081 | AB69: -0.353078 | AE69: -1.03704 | AF69: -0.615304 | AI69: -1.108 | AJ69: -0.139011 | AM69: 0.939721 | AN69: 0.206473 | AQ69: -2.04785 | AR69: -1.35492 | AU69: 1.6827 | AV69: 0.211191 | AY69: -1.98618 | AZ69: -1.48766 | BC69: 16.2836 | BD69: 0.0390389 | BG69: -1.72917 | BH69: -1.33966 | BK69: 1.78173 | BL69: 0.0647965 | BO69: -1.20133 | BP69: 0.152448 | BS69: 16.5902 | BT69: 0.0472894 | BW69: 1.78173 | BX69: 0.0649605 | CA69: -1.93035 | CB69: 0.42973 | CE69: -1.23932 | CF69: 0.159339
C70: 1.34611 | D70: 0.187776 | G70: 1.71766 | H70: -0.0904298 | K70: 1.97151 | L70: 0.0790497 | O70: 1.40363 | P70: 0.222975 | S70: -1.46572 | T70: -0.319114 | W70: 16.4049 | X70: 0.0342113 | AA70: 0.911729 | AB70: -0.320885 | AE70: -0.812097 | AF70: -0.563955 | AI70: -1.108 | AJ70: -0.139011 | AM70: 1.01808 | AN70: 0.217334 | AQ70: -2.04722 | AR70: -1.35438 | AU70: 1.58961 | AV70: 0.237422 | AY70: -1.90146 | AZ70: -1.37196 | BC70: 16.1778 | BD70: 0.043863 | BG70: -1.55413 | BH70: -1.14834 | BK70: 1.78001 | BL70: 0.095293 | BO70: -1.06645 | BP70: 0.123264 | BS70: 16.5909 | BT70: 0.0472576 | BW70: 1.78001 | BX70: 0.095336 | CA70: -2.0115 | CB70: 0.467559 | CE70: -1.46105 | CF70: 0.226691
C71: 1.33617 | D71: 0.185616 | G71: 1.78433 | H71: -0.0471933 | K71: 1.97172 | L71: 0.0947241 | O71: 1.67334 | P71: 0.232444 | S71: -1.34289 | T71: -0.320001 | W71: 16.515 | X71: 0.02002 | AA71: 1.01774 | AB71: -0.30155 | AE71: -0.741693 | AF71: -0.54809 | AI71: -0.958242 | AJ71: -0.149232 | AM71: 0.455333 | AN71: -0.42444 | AQ71: -1.92269 | AR71: -1.22277 | AU71: 1.43804 | AV71: 0.244946 | AY71: -1.72433 | AZ71: -1.1919 | BC71: 16.1772 | BD71: 0.043892 | BG71: -1.42477 | BH71: -1.06192 | BK71: -1.65452 | BL71: 0.229776 | BO71: -0.862574 | BP71: 0.0825666 | BS71: 16.6964 | BT71: 0.0437097 | BW71: -1.65452 | BX71: 0.229731 | CA71: -2.11998 | CB71: 0.52938 | CE71: -1.62629 | CF71: 0.282298
C72: 1.27417 | D72: 0.173213 | G72: 1.98191 | H72: 0.085713 | K72: 1.97248 | L72: 0.158107 | O72: 1.72924 | P72: 0.234574 | S72: -1.05313 | T72: -0.325997 | W72: 16.5155 | X72: 0.0200022 | AA72: 1.31075 | AB72: -0.242039 | AE72: -0.537755 | AF72: -0.525863 | AI72: -0.760598 | AJ72: -0.159449 | AM72: 0.72492 | AN72: -0.365919 | AQ72: -1.73925 | AR72: -1.0714 | AU72: 1.25456 | AV72: 0.257667 | AY72: -1.70159 | AZ72: -1.17231 | BC72: 16.0705 | BD72: 0.0448652 | BG72: -1.34514 | BH72: -1.00699 | BK72: -1.58925 | BL72: 0.207352 | BO72: -0.64231 | BP72: 0.0545182 | BS72: 16.6969 | BT72: 0.0436669 | BW72: -1.58925 | BX72: 0.207303 | CA72: -2.0188 | CB72: -1.93031 | CE72: -1.70395 | CF72: 0.311251
C73: 0.983905 | D73: 0.113619 | G73: 1.98257 | H73: 0.13516 | K73: 1.82203 | L73: 0.225562 | O73: 1.75165 | P73: 0.228028 | S73: -0.913189 | T73: -0.31918 | W73: 16.6257 | X73: 0.00338932 | AA73: 1.40246 | AB73: -0.212227 | AE73: -0.374121 | AF73: -0.502827 | AI73: -0.539135 | AJ73: -0.158564 | AM73: 0.839108 | AN73: -0.341756 | AQ73: -1.4896 | AR73: -0.907805 | AU73: 1.05372 | AV73: 0.234512 | AY73: -1.68198 | AZ73: -1.15707 | BC73: 16.0699 | BD73: 0.0448855 | BG73: -1.19468 | BH73: -0.935324 | BK73: -1.40415 | BL73: 0.170814 | BO73: -0.495743 | BP73: 0.0348804 | BS73: 16.8027 | BT73: 0.0191368 | BW73: -1.40415 | BX73: 0.170756 | CA73: -2.08712 | CB73: -2.12415 | CE73: -1.83806 | CF73: 0.369975
C74: -0.269593 | D74: -0.395274 | G74: 1.98319 | H74: 0.177413 | K74: 1.80946 | L74: 0.229573 | O74: 1.87679 | P74: 0.201334 | S74: -0.703923 | T74: -0.302745 | W74: 16.6262 | X74: 0.00320573 | AA74: 1.58436 | AB74: -0.140261 | AE74: -0.207511 | AF74: -0.481012 | AI74: -0.386429 | AJ74: -0.155657 | AM74: 1.02932 | AN74: -0.306206 | AQ74: -1.73764 | AR74: -1.07029 | AU74: 0.885164 | AV74: 0.21482 | AY74: -1.4985 | AZ74: -1.01724 | BC74: 15.963 | BD74: 0.0402957 | BG74: -1.06835 | BH74: -0.877249 | BK74: -1.19091 | BL74: 0.122575 | BO74: -0.296829 | BP74: 0.0293638 | BS74: 16.8031 | BT74: 0.0189307 | BW74: -1.19091 | BX74: 0.122501 | CA74: -1.94419 | CB74: -1.75713 | CE74: -1.9378 | CF74: 0.419895
C75: -0.0815403 | D75: -0.34266 | G75: 1.81355 | H75: 0.213473 | K75: 1.80161 | L75: 0.236932 | O75: 1.96117 | P75: 0.181748 | S75: -0.4813 | T75: -0.289714 | W75: 16.7364 | X75: -0.0595463 | AA75: 1.68829 | AB75: -0.0758621 | AE75: -0.10885 | AF75: -0.46923 | AI75: -0.179928 | AJ75: -0.137754 | AM75: 1.23866 | AN75: -0.25117 | AQ75: -1.3566 | AR75: -0.858835 | AU75: 0.700642 | AV75: 0.156758 | AY75: -1.3828 | AZ75: -0.943361 | BC75: 15.9626 | BD75: 0.0402367 | BG75: -0.841185 | BH75: -0.785979 | BK75: -1.05381 | BL75: 0.096084 | BO75: -0.237928 | BP75: 0.026952 | BS75: 16.8843 | BT75: -0.0368621 | BW75: -1.05381 | BX75: 0.0960012 | CA75: -1.83142 | CB75: -1.50152 | CE75: -2.02278 | CF75: 0.461717
C76: -0.405902 | D76: -0.423804 | G76: 1.78164 | H76: 0.21975 | K76: 1.77944 | L76: 0.235572 | O76: 1.96117 | P76: 0.181748 | S76: -0.328812 | T76: -0.272034 | W76: 16.7367 | X76: -0.059787 | AA76: 1.76999 | AB76: -0.0178959 | AE76: 0.172237 | AF76: -0.436614 | AI76: -0.125106 | AJ76: -0.133849 | AM76: 1.35102 | AN76: -0.222545 | AQ76: -1.20506 | AR76: -0.791398 | AU76: 0.560595 | AV76: 0.113259 | AY76: -1.30758 | AZ76: -0.895781 | BC76: 15.8554 | BD76: 0.0302038 | BG76: -0.755395 | BH76: -0.749311 | BK76: -0.850707 | BL76: 0.055007 | BO76: -0.173048 | BP76: 0.0344254 | BS76: 17.1501 | BT76: 0.285212 | BW76: -0.850707 | BX76: 0.0549082 | CA76: -1.75212 | CB76: -1.37499 | CE76: -2.1161 | CF76: 0.520458
C77: -0.643818 | D77: -0.460374 | G77: 1.6305 | H77: 0.213671 | K77: 1.41002 | L77: 0.218162 | O77: 1.96053 | P77: 0.0890307 | S77: -0.122591 | T77: -0.235839 | W77: 16.822 | X77: -0.122856 | AA77: 1.92349 | AB77: 0.106066 | AE77: 0.243354 | AF77: -0.429829 | AI77: -0.06645 | AJ77: -0.119747 | AM77: 1.44339 | AN77: -0.174975 | AQ77: -1.09598 | AR77: -0.758491 | AU77: 0.455007 | AV77: 0.0829699 | AY77: -1.14695 | AZ77: -0.841582 | BC77: 15.8551 | BD77: 0.030187 | BG77: -0.404775 | BH77: -0.648527 | BK77: -0.630711 | BL77: 0.0298341 | BO77: 0.0218244 | BP77: 0.0545967 | BS77: 17.1392 | BT77: 0.256885 | BW77: -0.630711 | BX77: 0.0297155 | CA77: -1.63191 | CB77: -1.21098 | CE77: -2.1632 | CF77: 0.546791
C78: -0.848546 | D78: -0.502732 | G78: 1.41027 | H78: 0.205417 | K78: 1.24523 | L78: 0.194308 | O78: 1.96051 | P78: 0.0850268 | S78: -0.0676424 | T78: -0.22689 | W78: 17.109 | X78: 0.248592 | AA78: 1.92394 | AB78: 0.106414 | AE78: 0.397842 | AF78: -0.40874 | AI78: 0.13646 | AJ78: -0.065098 | AM78: 1.64756 | AN78: -0.0687309 | AQ78: -0.843396 | AR78: -0.688534 | AU78: 0.0936635 | AV78: -0.0154564 | AY78: -1.0576 | AZ78: -0.805689 | BC78: 15.7484 | BD78: 0.0245897 | BG78: -0.356231 | BH78: -0.633842 | BK78: -0.482564 | BL78: 0.0143239 | BO78: 0.392725 | BP78: 0.125772 | BS78: 17.1501 | BT78: 0.285278 | BW78: -0.482564 | BX78: 0.0141905 | CA78: -1.57683 | CB78: -1.13362 | CE78: -2.23065 | CF78: 0.593747
... C81: -1.47051 | D81: -0.577741 | G81: 1.01368 | H81: 0.131574 | K81: -0.874594 | L81: -0.407287 | O81: 1.45331 | P81: -0.2053 | S81: 0.508574 | T81: -0.0335196 | W81: 17.0681 | X81: 0.170258 | AA81: 1.92367 | AB81: 0.174551 | AE81: 0.870112 | AF81: -0.332207 | AI81: 0.807999 | AJ81: 0.146144 | AM81: 1.88097 | AN81: 0.165684 | AQ81: -0.387768 | AR81: -0.583457 | AU81: -0.235381 | AV81: -0.0639479 | AY81: -0.752624 | AZ81: -0.704368 | BC81: 15.4106 | BD81: 0.016421 | BG81: 0.384842 | BH81: -0.456597 | BK81: -0.158181 | BL81: 0.0126392 | BO81: 0.810563 | BP81: 0.227752 | BS81: 17.1253 | BT81: 0.294995 | BW81: -0.158181 | BX81: 0.0124734 | CA81: -1.26941 | CB81: -0.909472 | CE81: -2.37241 | CF81: 0.687344
C82: -1.65256 | D82: -0.611945 | G82: 0.954052 | H82: 0.105583 | K82: -0.674281 | L82: -0.383944 | O82: 1.43329 | P82: -0.213309 | S82: 0.656161 | T82: 0.026052 | W82: 17.1197 | X82: 0.307428 | AA82: 1.908 | AB82: 0.17832 | AE82: 1.00502 | AF82: -0.308223 | AI82: 0.970605 | AJ82: 0.201278 | AM82: 1.88089 | AN82: 0.170738 | AQ82: -0.279265 | AR82: -0.561044 | AU82: -0.428421 | AV82: -0.0707177 | AY82: -0.494511 | AZ82: -0.644792 | BC82: 15.3074 | BD82: 0.00955257 | BG82: 0.411887 | BH82: -0.450962 | BK82: 0.036223 | BL82: 0.0348791 | BS82: 17.0865 | BT82: 0.230841 | BW82: 0.036223 | BX82: 0.0346872 | CA82: -1.12572 | CB82: -0.820388 | CE82: -2.41476 | CF82: 0.683899
C83: -1.73008 | D83: -0.630792 | G83: 0.694202 | H83: -0.0129157 | K83: -0.440396 | L83: -0.359628 | O83: 1.40234 | P83: -0.218491 | S83: 0.952547 | T83: 0.150839 | W83: 17.106 | X83: 0.26484 | AA83: 1.69637 | AB83: 0.240706 | AE83: 1.21435 | AF83: -0.267634 | AI83: 1.05906 | AJ83: 0.218108 | AM83: 1.82992 | AN83: 0.183098 | AQ83: -0.279265 | AR83: -0.561044 | AU83: -0.571221 | AV83: -0.0660835 | AY83: -0.310477 | AZ83: -0.600272 | BC83: 15.3073 | BD83: 0.00954007 | BG83: 0.425856 | BH83: -0.447242 | BK83: 0.410424 | BL83: 0.117576 | BO83: 1.65692 | BP83: -0.0494576 | BS83: 17.0393 | BT83: 0.144033 | BW83: 0.410424 | BX83: 0.117349 | CA83: -0.0380646 | CB83: -0.507339 | CE83: -2.45148 | CF83: 0.681518
C84: -1.88024 | D84: -0.666545 | G84: 0.547043 | H84: -0.0798748 | K84: -0.299385 | L84: -0.339202 | O84: 1.15194 | P84: -0.264338 | S84: 0.977296 | T84: 0.161291 | W84: 17.1198 | X84: 0.307517 | AA84: 1.63545 | AB84: 0.241066 | AE84: 1.44073 | AF84: -0.196561 | AI84: 1.36899 | AJ84: 0.257164 | AM84: 1.57186 | AN84: 0.248246 | AQ84: 0.0422077 | AR84: -0.503202 | AU84: -0.800687 | AV84: -0.0543803 | AY84: -0.104454 | AZ84: -0.551839 | BC84: 15.1942 | BD84: -0.000248979 | BG84: 0.532911 | BH84: -0.417534 | BK84: 0.502136 | BL84: 0.138686 | BO84: 1.61626 | BP84: -0.06194 | BW84: 0.502136 | BX84: 0.138445 | CA84: -0.133066 | CB84: -0.520014 | CE84: -2.45639 | CF84: 0.680375
C85: -1.97262 | D85: -0.687858 | G85: 0.234662 | H85: -0.21725 | K85: -0.110283 | L85: -0.298903 | O85: 1.03571 | P85: -0.279168 | S85: 0.989052 | T85: 0.163722 | W85: 17.1208 | X85: 0.310721 | AA85: 1.41048 | AB85: 0.240116 | AE85: 1.50562 | AF85: -0.168944 | AI85: 1.38798 | AJ85: 0.257775 | AM85: 1.48477 | AN85: 0.252599 | AQ85: 0.386599 | AR85: -0.451097 | AU85: -0.997123 | AV85: -0.0357733 | AY85: 0.0801987 | AZ85: -0.510592 | BC85: 15.1941 | BD85: -0.000250004 | BG85: 0.821351 | BH85: -0.338748 | BK85: 0.613293 | BL85: 0.169565 | BO85: 1.49721 | BP85: -0.106643 | BW85: 0.613293 | BX85: 0.169311 | CA85: -0.407005 | CB85: -0.566146 | CE85: -2.49553 | CF85: 0.562358
C86: -2.05001 | D86: -0.697466 | G86: 0.045106 | H86: -0.291841 | K86: -0.0387775 | L86: -0.284556 | O86: 0.844017 | P86: -0.305271 | S86: 1.31017 | T86: 0.22215 | AA86: 1.29824 | AB86: 0.231896 | AE86: 1.66038 | AF86: -0.0694279 | AI86: 1.42301 | AJ86: 0.256273 | AM86: 1.25238 | AN86: 0.250191 | AQ86: 0.437481 | AR86: -0.444052 | AU86: -1.14563 | AV86: -0.0195753 | AY86: 0.262373 | AZ86: -0.470401 | BC86: 15.1541 | BD86: -7.16126e-05 | BG86: 0.862387 | BH86: -0.328208 | BK86: 0.826011 | BL86: 0.229031 | BO86: 1.44443 | BP86: -0.12621 | BW86: 0.826011 | BX86: 0.228756 | CA86: -0.510943 | CB86: -0.588179 | CE86: -2.52597 | CF86: 0.466723
C87: -2.12578 | D87: -0.705213 | G87: -0.0243201 | H87: -0.313801 | K87: 0.0338135 | L87: -0.260922 | O87: 0.619529 | P87: -0.329489 | S87: 1.38644 | T87: 0.228267 | AA87: 0.971489 | AB87: 0.178194 | AE87: 1.74307 | AF87: -0.0169681 | AI87: 1.65142 | AJ87: 0.247963 | AM87: 1.01808 | AN87: 0.217334 | AQ87: 0.464936 | AR87: -0.437498 | AY87: 0.556504 | AZ87: -0.409441 | BG87: 1.17365 | BH87: -0.243156 | BK87: 1.01407 | BL87: 0.24388 | BO87: 1.4291 | BP87: -0.132521 | BW87: 1.01407 | BX87: 0.243604 | CA87: -0.0380646 | CB87: -0.507339 | CE87: -2.5312 | CF87: 0.341471
C88: -2.21382 | D88: -0.733535 | G88: -0.0952967 | H88: -0.325314 | K88: 0.220814 | L88: -0.192463 | O88: 0.481098 | P88: -0.343775 | S88: 1.64012 | T88: 0.232596 | AA88: 0.951594 | AB88: 0.174312 | AE88: 1.76613 | AF88: -0.000121005 | AI88: 1.85298 | AJ88: 0.197341 | AQ88: 0.684572 | AR88: -0.387738 | AY88: 0.578329 | AZ88: -0.405161 | BG88: 1.23782 | BH88: -0.221681 | BK88: 1.15693 | BL88: 0.254471 | BO88: 1.17197 | BP88: -0.222874 | BW88: 1.15693 | BX88: 0.254187 | CA88: 0.243666 | CB88: -0.482402 | CE88: -2.56431 | CF88: -0.353688
C89: -2.25585 | D89: -0.741667 | G89: -0.284532 | H89: -0.361455 | K89: 0.564885 | L89: -0.0446894 | O89: 0.235894 | P89: -0.360068 | S89: 1.70999 | T89: 0.234419 | AA89: 0.909385 | AB89: 0.158735 | AE89: 1.91057 | AF89: 0.104502 | AI89: 1.89573 | AJ89: 0.186333 | AQ89: 0.882077 | AR89: -0.343083 | AY89: 0.593136 | AZ89: -0.401708 | BK89: 1.33014 | BL89: 0.239786 | BO89: 1.13556 | BP89: -0.234183 | BW89: 1.33014 | BX89: 0.239517 | CA89: 0.338306 | CB89: -0.475183 | CE89: -2.57117 | CF89: -1.25158
C90: -2.3231 | D90: -0.736535 | K90: 0.681728 | L90: 0.00680544 | S90: 1.73789 | T90: 0.227093 | AA90: 0.909385 | AB90: 0.158735 | AE90: 1.91055 | AF90: 0.107122 | AI90: 1.89655 | AJ90: 0.106663 | AQ90: 0.911836 | AR90: -0.337062 | BK90: 1.42712 | BL90: 0.233548 | BO90: 0.823065 | BP90: -0.322308 | BS90: 1.76463 | BT90: -0.0158807 | BW90: 1.42712 | BX90: 0.233286 | CA90: 0.479891 | CB90: -0.471198 | CE90: -2.55695 | CF90: -2.65026
C91: -2.34004 | D91: -0.733015 | K91: 0.797655 | L91: 0.0609695 | AA91: 0.629795 | AB91: 0.0560284 | AE91: 1.90999 | AF91: 0.177062 | AI91: 1.89662 | AJ91: 0.100335 | AQ91: 1.27539 | AR91: -0.243588 | BK91: 1.48925 | BL91: 0.218569 | BO91: 0.80614 | BP91: -0.326566 | BW91: 1.48925 | BX91: 0.218313 | CA91: 0.617545 | CB91: -0.463644
C92: -2.38785 | D92: -0.620465 | AA92: 0.496072 | AB92: 0.00577764 | AQ92: 1.34461 | AR92: -0.220753 | BK92: 1.70655 | BL92: 0.140068 | BO92: 0.680056 | BP92: -0.360168 | BW92: 1.70655 | BX92: 0.139988 | CA92: 0.734977 | CB92: -0.462236
C93: -2.43012 | D93: -0.514417 | AQ93: 1.51264 | AR93: -0.13427 | BK93: 1.78001 | BL93: 0.095293 | BO93: 0.425567 | BP93: -0.428505 | BW93: 1.78001 | BX93: 0.095336 | CA93: 0.878714 | CB93: -0.465894
AQ94: 1.63877 | AR94: -0.0716285 | BO94: 0.392703 | BP94: -0.437599 | CA94: 1.14226 | CB94: -0.472653
AQ95: 1.71495 | AR95: -0.0163345 | CA95: 1.16836 | CB95: -0.474144
AQ96: 1.867 | AR96: 0.092596
BR98: 0.604937 | BS98: 0.175685

Sheet Hoja1

Sheet Esf_X_(y=3m)
A2: Entre el encastre y el motor
C3: X | D3: Y | G3: X | H3: Y | K3: X | L3: Y | O3: X | P3: Y | S3: X | T3: Y | W3: X | X3: Y | AA3: X | AB3: Y | AE3: X | AF3: Y | AI3: X | AJ3: Y | AM3: X | AN3: Y | AQ3: X | AR3: Y | AU3: X | AV3: Y | AY3: X | AZ3: Y | BC3: X | BD3: Y | BG3: X | BH3: Y | BK3: X | BL3: Y | BO3: X | BP3: Y | BS3: X | BT3: Y | BW3: X | BX3: Y | CA3: X | CB3: Y | CE3: X | CF3: Y
D4: Pa
B5: alfa | F5: alfa | J5: alfa | N5: alfa | R5: alfa | V5: alfa | Z5: alfa | AD5: alfa | AH5: alfa | AL5: alfa | AP5: alfa | AT5: alfa | AX5: alfa | BB5: alfa | BF5: alfa | BJ5: alfa | BN5: alfa | BR5: alfa | BV5: alfa | BZ5: alfa | CD5: alfa
B6: -5 | F6: -4 | J6: -3 | N6: -2 | R6: -1 | V6: 0 | Z6: 1 | AD6: 2 | AH6: 3 | AL6: 4 | AP6: 5 | AT6: 6 | AX6: 7 | BB6: 8 | BF6: 9 | BJ6: 10 | BN6: 11 | BR6: 12 | BV6: 13 | BZ6: 14 | CD6: 15
B7: a | C7: -1.25569 | D7: 7.89529 | G7: -0.284532 | H7: 7.0214 | K7: -0.874594 | L7: 7.24902 | O7: 0.235894 | P7: 7.99539 | S7: -2.07403 | T7: 7.66275 | W7: -11.8791 | X7: 2.5321 | AA7: 0.496072 | AB7: 6.092 | AE7: 1.90999 | AF7: 2.74693 | AI7: -0.193693 | AJ7: 8.6355 | AM7: 0.455333 | AN7: 9.61063 | AQ7: -2.57986 | AR7: 2.01985 | AU7: -1.14563 | AV7: 5.63759 | AY7: 0.593136 | AZ7: 8.47518 | BC7: -11.7897 | BD7: 4.25429 | BG7: -1.8144 | BH7: 4.43695 | BK7: -1.65452 | BL7: 4.39579 | BO7: -1.59764 | BP7: 5.12519 | BS7: -9.07315 | BT7: 12.211 | BW7: -1.65452 | BX7: 4.39577 | CA7: -0.510943 | CB7: 8.47593 | CE7: 1.15367 | CF7: -1.49862
B8: b | C8: -0.993115 | D8: 7.67842 | G8: -0.423801 | H8: 7.0485 | K8: -1.02374 | L8: 7.25755 | O8: 0.0221331 | P8: 7.56913 | S8: -2.14354 | T8: 7.22308 | W8: -11.9008 | X8: 2.48105 | AA8: 0.16479 | AB8: 6.19472 | AE8: 1.87594 | AF8: 3.16587 | AI8: -0.169398 | AJ8: 8.57808 | AM8: 0.359481 | AN8: 9.63542 | AQ8: -2.58461 | AR8: 1.08054 | AU8: -1.36264 | AV8: 5.24463 | AY8: 0.870174 | AZ8: 8.25593 | BC8: -11.7093 | BD8: 3.79483 | BG8: -1.64081 | BH8: 4.72854 | BK8: -1.78787 | BL8: 4.36571 | BO8: -1.71621 | BP8: 5.03775 | BS8: -9.0775 | BT8: 12.2313 | BW8: -1.78787 | BX8: 4.36566 | CA8: -0.758293 | CB8: 9.14698 | CE8: 1.15065 | CF8: -1.52579
C9: -0.848546 | D9: 7.60951 | G9: -0.65915 | H9: 7.64416 | K9: -1.30847 | L9: 7.0298 | O9: -0.142987 | P9: 7.41925 | S9: -2.20238 | T9: 7.33702 | W9: -11.9013 | X9: 2.48218 | AA9: -0.0399006 | AB9: 5.98063 | AE9: 1.65614 | AF9: 6.18437 | AI9: 0.165958 | AJ9: 8.86869 | AM9: 0.0367304 | AN9: 9.43284 | AQ9: -2.58321 | AR9: 0.683882 | AU9: -1.5509 | AV9: 4.94663 | AY9: 1.03755 | AZ9: 8.1323 | BC9: -11.7087 | BD9: 3.79459 | BG9: -1.58038 | BH9: 4.76451 | BK9: -1.88723 | BL9: 4.17317 | BO9: -1.84682 | BP9: 4.79041 | BS9: -11.6432 | BT9: 4.04206 | BW9: -1.88723 | BX9: 4.1731 | CA9: -0.839367 | CB9: 9.50717 | CE9: 1.14788 | CF9: -1.53937
C10: -0.0815403 | D10: 8.01441 | G10: -0.864348 | H10: 7.84843 | K10: -1.43731 | L10: 7.06168 | O10: -0.377242 | P10: 7.17712 | S10: -2.28289 | T10: 6.64138 | W10: -11.9737 | X10: 3.01655 | AA10: -0.0964333 | AB10: 5.95057 | AE10: 1.58489 | AF10: 6.24007 | AI10: 0.171998 | AJ10: 8.88432 | AM10: -0.0389541 | AN10: 9.41222 | AQ10: -2.53146 | AR10: 0.694931 | AU10: -1.63616 | AV10: 4.79303 | AY10: 1.21837 | AZ10: 7.81371 | BC10: -11.6838 | BD10: 3.84035 | BG10: -1.39257 | BH10: 4.83868 | BK10: -1.9677 | BL10: 4.0482 | BO10: -1.98978 | BP10: 4.01798 | BS10: -11.6683 | BT10: 3.88784 | BW10: -1.9677 | BX10: 4.04811 | CA10: -1.04499 | CB10: 10.2195 | CE10: 0.853315 | CF10: -2.28953
C11: -0.00986005 | D11: 8.04001 | G11: -1.00858 | H11: 7.72022 | K11: -1.48603 | L11: 7.05965 | O11: -0.489317 | P11: 7.23786 | S11: -2.30697 | T11: 6.61183 | W11: 10.6167 | X11: 11.7104 | AA11: -0.149692 | AB11: 5.88463 | AE11: 1.26717 | AF11: 5.89266 | AI11: 0.189451 | AJ11: 8.88931 | AM11: -0.357735 | AN11: 9.37095 | AQ11: -2.52762 | AR11: 0.701347 | AU11: -1.78452 | AV11: 4.62374 | AY11: 1.31557 | AZ11: 7.63094 | BC11: -11.2944 | BD11: 6.06708 | BG11: -1.18013 | BH11: 4.97634 | BK11: -2.05907 | BL11: 3.78793 | BO11: -2.06918 | BP11: 3.54121 | BS11: -11.669 | BT11: 3.88612 | BW11: -2.05907 | BX11: 3.78786 | CA11: -1.12572 | CB11: 10.5902 | CE11: 0.72535 | CF11: -2.44204
C12: 0.0580915 | D12: 7.77789 | G12: -1.28003 | H12: 7.40474 | K12: -1.67384 | L12: 6.97771 | O12: -0.728879 | P12: 7.03189 | S12: -2.38188 | T12: 5.69147 | W12: 10.7288 | X12: 11.5727 | AA12: -0.357838 | AB12: 6.00828 | AE12: 1.26293 | AF12: 5.893 | AI12: 0.553734 | AJ12: 9.00702 | AM12: -0.470639 | AN12: 9.26886 | AQ12: -2.48792 | AR12: 1.03801 | AU12: -1.87221 | AV12: 4.31714 | AY12: 1.5277 | AZ12: 7.1335 | BC12: -11.2946 | BD12: 6.06658 | BG12: -1.04029 | BH12: 5.15846 | BK12: -2.13388 | BL12: 3.45604 | BO12: -2.15844 | BP12: 3.15783 | BS12: -11.7504 | BT12: 4.07135 | BW12: -2.13388 | BX12: 3.45596 | CA12: -2.08712 | CB12: 16.2394 | CE12: 0.594782 | CF12: -2.02712
C13: 0.248439 | D13: 7.33481 | G13: -1.42245 | H13: 7.1961 | K13: -1.71768 | L13: 6.97645 | O13: -0.901392 | P13: 6.77163 | S13: -2.38685 | T13: 5.63669 | W13: 10.7288 | X13: 11.5728 | AA13: -0.514693 | AB13: 5.99339 | AE13: 1.25465 | AF13: 5.88553 | AI13: 0.672431 | AJ13: 8.92529 | AM13: -0.746748 | AN13: 9.40935 | AQ13: -2.43521 | AR13: 1.51368 | AU13: -2.00843 | AV13: 4.03692 | AY13: 1.59704 | AZ13: 7.01416 | BC13: -11.2958 | BD13: 6.05933 | BG13: -0.838582 | BH13: 5.48433 | BK13: -2.23552 | BL13: 3.02245 | BO13: -2.2006 | BP13: 2.99479 | BS13: 16.0607 | BT13: 9.82944 | BW13: -2.23552 | BX13: 3.02238 | CA13: -2.14731 | CB13: 17.4206 | CE13: 0.453241 | CF13: -1.80958
C14: 0.556138 | D14: 7.19098 | G14: -1.48103 | H14: 7.13024 | K14: -1.90291 | L14: 7.03761 | O14: -1.021 | P14: 6.76158 | S14: -2.43102 | T14: 4.44236 | W14: 10.8831 | X14: 11.8168 | AA14: -0.732707 | AB14: 6.2489 | AE14: 0.940056 | AF14: 5.78169 | AI14: 1.00168 | AJ14: 8.46757 | AM14: -0.822149 | AN14: 9.51833 | AQ14: -2.42925 | AR14: 1.58153 | AU14: -2.09073 | AV14: 3.77141 | AY14: 1.63435 | AZ14: 6.33382 | BC14: 15.2977 | BD14: 8.49421 | BG14: -0.619692 | BH14: 5.57191 | BK14: -2.2414 | BL14: 2.99618 | BO14: -2.26729 | BP14: 2.69277 | BS14: 16.0602 | BT14: 9.83057 | BW14: -2.2414 | BX14: 2.99611 | CA14: -2.18104 | CB14: 18.0569 | CE14: 0.330716 | CF14: -1.30502
C15: 0.706464 | D15: 7.06207 | G15: -1.66722 | H15: 6.82716 | K15: -1.94914 | L15: 6.9349 | O15: -1.195 | P15: 6.88105 | S15: -2.47372 | T15: 3.41261 | W15: 10.8832 | X15: 11.8167 | AA15: -0.941681 | AB15: 6.36144 | AE15: 0.748839 | AF15: 5.90889 | AI15: 1.04238 | AJ15: 8.43868 | AM15: -1.04027 | AN15: 9.63534 | AQ15: -2.39062 | AR15: 1.96515 | AU15: -2.15562 | AV15: 3.61869 | AY15: 1.8351 | AZ15: 2.52583 | BC15: 15.2963 | BD15: 8.49508 | BG15: -0.469239 | BH15: 5.71775 | BK15: -2.25458 | BL15: 2.90572 | BO15: -2.3584 | BP15: 1.99425 | BS15: 15.9539 | BT15: 9.60948 | BW15: -2.25458 | BX15: 2.90565 | CA15: -2.22731 | CB15: 19.0061 | CE15: 0.246581 | CF15: -1.10482
C16: 0.898385 | D16: 6.86504 | G16: -1.737 | H16: 6.92259 | K16: -2.07203 | L16: 6.79942 | O16: -1.35309 | P16: 6.88891 | S16: -2.48239 | T16: 3.1921 | W16: 11.0391 | X16: 11.6858 | AA16: -1.08122 | AB16: 6.33756 | AE16: 0.616322 | AF16: 6.19889 | AI16: 1.08353 | AJ16: 8.44942 | AM16: -1.14881 | AN16: 9.77091 | AQ16: -2.3423 | AR16: 2.47055 | AU16: -2.2444 | AV16: 3.13926 | AY16: 1.83453 | AZ16: 2.60188 | BC16: 15.2963 | BD16: 8.49509 | BG16: -0.266507 | BH16: 5.6056 | BK16: -2.34475 | BL16: 2.29041 | BO16: -2.37034 | BP16: 1.91871 | BS16: 15.9534 | BT16: 9.60667 | BW16: -2.34475 | BX16: 2.2903 | CA16: -2.28223 | CB16: 20.4716 | CE16: -0.0476732 | CF16: 0.615141
C17: 0.983905 | D17: 6.78515 | G17: -1.89475 | H17: 6.84622 | K17: -2.09577 | L17: 6.65272 | O17: -1.45853 | P17: 6.94917 | S17: -2.53002 | T17: 2.31442 | W17: 11.0391 | X17: 11.6856 | AA17: -1.29705 | AB17: 6.05604 | AE17: 0.490204 | AF17: 6.23355 | AI17: 1.34984 | AJ17: 8.68157 | AM17: -1.32087 | AN17: 9.60956 | AQ17: -2.3314 | AR17: 2.55971 | AU17: -2.26841 | AV17: 2.98749 | AY17: 1.83297 | AZ17: 2.5921 | BC17: 15.1752 | BD17: 8.60386 | BG17: -0.210074 | BH17: 5.65402 | BK17: -2.36361 | BL17: 2.15857 | BO17: -2.4208 | BP17: 1.54587 | BS17: 15.8458 | BT17: 9.37967 | BW17: -2.36361 | BX17: 2.15846 | CA17: -2.32124 | CB17: 20.8898 | CE17: -0.135714 | CF17: 1.1799
C18: -2.43927 | D18: 3.82446 | G18: -1.96356 | H18: 6.90824 | K18: -2.19759 | L18: 5.76426 | O18: -1.54662 | P18: 6.84858 | S18: -2.54916 | T18: 1.53517 | W18: 11.0392 | X18: 11.6856 | AA18: -1.49235 | AB18: 5.75349 | AE18: 0.150648 | AF18: 6.29569 | AI18: 1.46551 | AJ18: 8.49308 | AM18: -1.37686 | AN18: 9.71011 | AQ18: -2.24199 | AR18: 3.18855 | AU18: -2.29259 | AV18: 2.72204 | AY18: 1.75451 | AZ18: 4.27156 | BC18: 15.1751 | BD18: 8.60386 | BG18: -0.146501 | BH18: 5.59255 | BK18: -2.42814 | BL18: 1.67727 | BO18: -2.45216 | BP18: 1.32445 | BS18: 15.8455 | BT18: 9.37934 | BW18: -2.42814 | BX18: 1.67716 | CA18: -2.40303 | CB18: 20.0823 | CE18: -0.410377 | CF18: 3.56751
C19: -2.43012 | D19: 4.08543 | G19: -2.04672 | H19: 6.78367 | K19: -2.25693 | L19: 5.15331 | O19: -1.68642 | P19: 6.67095 | S19: -2.5524 | T19: 1.94162 | W19: 11.1299 | X19: 11.7627 | AA19: -1.55331 | AB19: 5.76405 | AE19: -0.0599346 | AF19: 6.01977 | AI19: 1.63762 | AJ19: 8.16424 | AM19: -1.50974 | AN19: 10.2958 | AQ19: -2.13366 | AR19: 3.87129 | AU19: -2.36165 | AV19: 2.23872 | AY19: 1.60798 | AZ19: 6.45668 | BC19: 15.061 | BD19: 8.43193 | BG19: 0.0506106 | BH19: 5.70962 | BK19: -2.44948 | BL19: 1.53367 | BO19: -2.45689 | BP19: 1.29504 | BS19: 15.7383 | BT19: 9.43287 | BW19: -2.44948 | BX19: 1.53356 | CA19: -2.43314 | CB19: 19.8544 | CE19: -0.513775 | CF19: 4.11666
C20: -2.49079 | D20: 2.36577 | G20: -2.12591 | H20: 6.03338 | K20: -2.2928 | L20: 4.81402 | O20: -1.72934 | P20: 6.65971 | S20: -2.52622 | T20: 3.79924 | W20: 13.7535 | X20: 11.5288 | AA20: -1.73324 | AB20: 5.67619 | AE20: -0.110783 | AF20: 6.0843 | AI20: 1.8682 | AJ20: 3.44431 | AM20: -1.60521 | AN20: 10.9976 | AQ20: -2.35482 | AR20: 11.6019 | AU20: -2.43026 | AV20: 1.63205 | AY20: 1.479 | AZ20: 6.26458 | BC20: 15.061 | BD20: 8.43192 | BG20: 0.424251 | BH20: 5.82612 | BK20: -2.45514 | BL20: 1.47793 | BO20: -2.49586 | BP20: 0.994666 | BS20: 15.7381 | BT20: 9.43289 | BW20: -2.45514 | BX20: 1.47782 | CA20: -2.54128 | CB20: 11.8701 | CE20: -0.75818 | CF20: 5.62178
... C43: -0.998433 | D43: 6.8524 | G43: -2.01483 | H43: 6.72126 | K43: -1.85061 | L43: 7.27438 | O43: -2.29662 | P43: 4.82567 | S43: -0.491851 | T43: 8.32298 | W43: 16.0427 | X43: 6.86238 | AA43: -2.25253 | AB43: 8.50999 | AE43: -2.46259 | AF43: 1.68095 | AI43: -2.31722 | AJ43: 9.37875 | AM43: -2.42899 | AN43: 2.58941 | AQ43: -0.205602 | AR43: 5.82471 | AU43: -1.38185 | AV43: 10.8324 | AY43: -2.09169 | AZ43: 4.29012 | BC43: 11.2006 | BD43: 10.7655 | BG43: -2.29299 | BH43: 2.90224 | BK43: -1.72736 | BL43: 13.7219 | BO43: -1.43144 | BP43: 13.6995 | BS43: 15.9937 | BT43: 8.56562 | BW43: -1.72736 | BX43: 13.721 | CA43: 1.70569 | CB43: 2.05707 | CE43: -2.55695 | CF43: 6.90868
C44: -0.892146 | D44: 6.86534 | G44: -1.88589 | H44: 7.03493 | K44: -1.72852 | L44: 7.39198 | O44: -2.2693 | P44: 4.94782 | S44: -0.381463 | T44: 8.31953 | W44: 16.1442 | X44: 6.91493 | AA44: -2.17811 | AB44: 8.21991 | AE44: -2.51978 | AF44: 1.08169 | AI44: -2.35441 | AJ44: 9.42069 | AM44: -2.42392 | AN44: 2.64073 | AQ44: -0.414548 | AR44: 5.99246 | AU44: -1.30786 | AV44: 10.6761 | AY44: -2.15888 | AZ44: 4.04401 | BC44: 11.2824 | BD44: 10.4937 | BG44: -2.32877 | BH44: 2.63075 | BK44: -1.55178 | BL44: 12.3438 | BO44: -1.32602 | BP44: 13.2341 | BS44: 16.0824 | BT44: 8.30883 | BW44: -1.55178 | BX44: 12.3437 | CA44: 1.70185 | CB44: 3.52516
C45: -0.716934 | D45: 6.80235 | G45: -1.77356 | H45: 6.94938 | K45: -1.60012 | L45: 7.22416 | O45: -2.20201 | P45: 5.35856 | S45: -0.146633 | T45: 8.27302 | W45: 15.0546 | X45: 11.8647 | AA45: -2.15854 | AB45: 8.18071 | AE45: -2.52537 | AF45: 1.01828 | AI45: -2.44287 | AJ45: 7.56579 | AM45: -2.38993 | AN45: 3.00717 | AQ45: -0.568965 | AR45: 5.85551 | AU45: -1.14573 | AV45: 10.0498 | AY45: -2.2384 | AZ45: 3.69193 | BC45: 13.4103 | BD45: 10.0857 | BG45: -2.37643 | BH45: 2.32037 | BK45: -1.43092 | BL45: 12.0841 | BO45: -1.198 | BP45: 12.8713 | BS45: 15.1696 | BT45: 8.90053 | BW45: -1.43092 | BX45: 12.0809 | CA45: 1.65234 | CB45: 4.3467 | CE45: 1.15367 | CF45: -1.49862
C46: -0.475352 | D46: 6.81322 | G46: -1.72191 | H46: 6.84456 | K46: -1.49275 | L46: 7.44947 | O46: -2.10864 | P46: 5.97581 | S46: 0.0169083 | T46: 8.50821 | W46: 15.0377 | X46: 11.839 | AA46: -2.1417 | AB46: 8.21637 | AE46: -2.57368 | AF46: 0.819705 | AI46: -2.46316 | AJ46: 7.10442 | AM46: -2.33587 | AN46: 3.57389 | AQ46: -0.787563 | AR46: 5.63413 | AU46: -1.05698 | AV46: 9.92922 | AY46: -2.2759 | AZ46: 3.54552 | BC46: 13.2755 | BD46: 10.3582 | BG46: -2.43957 | BH46: 1.7568 | BK46: -1.32921 | BL46: 11.8866 | BO46: -1.04119 | BP46: 12.3628 | BS46: 15.2569 | BT46: 8.92105 | BW46: -1.32921 | BX46: 11.8825 | CA46: 1.48857 | CB46: 7.61555 | CE46: 1.43377 | CF46: 0.652821
C47: -0.384838 | D47: 7.00497 | G47: -1.67819 | H47: 6.72815 | K47: -1.34781 | L47: 7.46961 | O47: -2.08046 | P47: 6.26643 | S47: 0.231233 | T47: 8.8909 | W47: 15.0546 | X47: 11.8648 | AA47: -2.04564 | AB47: 8.24928 | AE47: -2.56869 | AF47: 1.42852 | AI47: -2.48321 | AJ47: 6.30214 | AM47: -2.3241 | AN47: 3.69739 | AQ47: -0.984053 | AR47: 5.50927 | AU47: -0.83053 | AV47: 9.74227 | AY47: -2.30572 | AZ47: 3.37866 | BC47: 13.4105 | BD47: 10.0856 | BG47: -2.45265 | BH47: 1.66118 | BK47: -1.19677 | BL47: 11.5933 | BO47: -0.906093 | BP47: 11.9974 | BS47: 15.1695 | BT47: 8.9006 | BW47: -1.19677 | BX47: 11.5903 | CA47: 1.40693 | CB47: 7.43187 | CE47: 1.49757 | CF47: 1.30883
C48: -0.136477 | D48: 7.2078 | G48: -1.53929 | H48: 6.44163 | K48: -1.27555 | L48: 7.49751 | O48: -1.96591 | P48: 7.00217 | S48: 0.231233 | T48: 8.8909 | W48: 15.1705 | X48: 11.5108 | AA48: -1.95696 | AB48: 8.6915 | AE48: -2.54266 | AF48: 2.66163 | AI48: -2.54725 | AJ48: 3.32001 | AM48: -2.23424 | AN48: 4.20641 | AQ48: -1.13344 | AR48: 5.41027 | AU48: -0.750894 | AV48: 9.68084 | AY48: -2.36702 | AZ48: 2.99865 | BC48: 13.5587 | BD48: 10.1823 | BG48: -2.49927 | BH48: 1.18279 | BK48: -1.04288 | BL48: 11.1186 | BO48: -0.757246 | BP48: 11.6055 | BS48: 15.0568 | BT48: 9.02665 | BW48: -1.04288 | BX48: 11.1153 | CA48: 1.21356 | CB48: 6.99084 | CE48: 1.6454 | CF48: 1.11302
C49: -0.00840183 | D49: 7.15845 | G49: -1.45198 | H49: 6.49854 | K49: -1.19463 | L49: 7.35382 | O49: -1.91488 | P49: 7.25678 | S49: 0.474704 | T49: 8.67304 | W49: 15.1706 | X49: 11.5107 | AA49: -1.90318 | AB49: 8.5495 | AE49: -2.48127 | AF49: 5.08834 | AI49: -2.57112 | AJ49: 1.79438 | AM49: -2.12431 | AN49: 4.63303 | AQ49: -1.35667 | AR49: 5.27615 | AU49: -0.750894 | AV49: 9.68084 | AY49: -2.4312 | AZ49: 2.61333 | BC49: 13.5589 | BD49: 10.183 | BG49: -2.54897 | BH49: 0.691627 | BK49: -0.89859 | BL49: 10.7695 | BO49: -0.42229 | BP49: 10.9187 | BS49: 15.0568 | BT49: 9.02665 | BW49: -0.89859 | BX49: 10.7661 | CA49: 1.06437 | CB49: 6.87804 | CE49: 1.68556 | CF49: 1.12684
C50: 0.181318 | D50: 7.30882 | G50: -1.34555 | H50: 6.65669 | K50: -1.03665 | L50: 7.23422 | O50: -1.7328 | P50: 7.41637 | S50: 0.614332 | T50: 8.68076 | W50: 15.2908 | X50: 11.1938 | AA50: -1.7869 | AB50: 8.45129 | AE50: -2.46119 | AF50: 5.69313 | AI50: -2.57411 | AJ50: 0.769447 | AM50: -2.11299 | AN50: 4.7189 | AQ50: -1.54012 | AR50: 5.14849 | AU50: -0.432194 | AV50: 9.40112 | AY50: -2.44542 | AZ50: 2.54528 | BC50: 13.7068 | BD50: 10.5872 | BG50: -2.5537 | BH50: 0.701972 | BK50: -0.756436 | BL50: 10.5625 | BO50: -0.36184 | BP50: 10.7879 | BS50: 14.9969 | BT50: 8.93341 | BW50: -0.756436 | BX50: 10.561 | CA50: 0.77522 | CB50: 6.3019 | CE50: 1.68127 | CF50: 3.58373
C51: 0.47321 | D51: 7.25665 | G51: -1.18843 | H51: 6.8379 | K51: -0.936387 | L51: 7.33383 | O51: -1.68785 | P51: 7.44379 | S51: 0.836981 | T51: 9.07563 | W51: 15.2908 | X51: 11.1938 | AA51: -1.70363 | AB51: 8.52799 | AE51: -2.44072 | AF51: 6.18382 | AI51: -2.55807 | AJ51: 0.541664 | AM51: -2.09945 | AN51: 4.72797 | AQ51: -1.6223 | AR51: 5.01584 | AU51: -0.350441 | AV51: 9.37961 | AY51: -2.49438 | AZ51: 1.82076 | BC51: 13.707 | BD51: 10.5872 | BG51: -2.58848 | BH51: 1.938 | BK51: -0.480711 | BL51: 9.98176 | BO51: -0.284196 | BP51: 10.58 | BS51: 11.2858 | BT51: 10.8313 | BW51: -0.480711 | BX51: 9.97999 | CA51: 0.745434 | CB51: 6.30993 | CE51: 1.68099 | CF51: 3.7028
C52: 0.511904 | D52: 7.31646 | G52: -1.01336 | H52: 7.50245 | K52: -0.725118 | L52: 7.6476 | O52: -1.50162 | P52: 6.90439 | S52: 1.02801 | T52: 8.81828 | W52: 15.3109 | X52: 11.1766 | AA52: -1.67714 | AB52: 8.51853 | AE52: -2.35313 | AF52: 7.99176 | AI52: -2.51353 | AJ52: 0.871554 | AM52: -1.98019 | AN52: 4.77191 | AQ52: -1.78861 | AR52: 5.01703 | AU52: -0.330367 | AV52: 9.36297 | AY52: -2.53537 | AZ52: 1.22235 | BC52: 13.8514 | BD52: 10.6655 | BG52: -2.58413 | BH52: 3.9482 | BK52: -0.473546 | BL52: 9.97516 | BO52: 0.0105835 | BP52: 9.97847 | BS52: 11.2034 | BT52: 10.5861 | BW52: -0.473546 | BX52: 9.9734 | CA52: 0.680009 | CB52: 6.36655 | CE52: 1.4673 | CF52: 7.69909
C53: 0.550819 | D53: 7.30181 | G53: -0.895669 | H53: 7.44011 | K53: -0.488643 | L53: 7.63322 | O53: -1.45174 | P53: 6.96048 | S53: 1.14768 | T53: 8.70492 | W53: 15.6283 | X53: 11.4256 | AA53: -1.62469 | AB53: 8.28097 | AE53: -2.30966 | AF53: 8.40247 | AI53: -2.50526 | AJ53: 0.925254 | AM53: -1.88451 | AN53: 5.00218 | AQ53: -1.89628 | AR53: 4.80959 | AU53: -0.293205 | AV53: 9.32174 | AY53: -2.53923 | AZ53: 1.19309 | BC53: 13.8515 | BD53: 10.6655 | BG53: -2.5462 | BH53: 7.8735 | BK53: -0.230422 | BL53: 9.95748 | BO53: 0.332138 | BP53: 9.31754 | BS53: 11.2033 | BT53: 10.5861 | BW53: -0.230422 | BX53: 9.95699 | CA53: 0.680009 | CB53: 6.36655 | CE53: 1.43685 | CF53: 8.23398
C54: 0.873998 | D54: 7.63077 | G54: -0.721136 | H54: 7.33906 | K54: -0.391551 | L54: 7.6969 | O54: -1.31282 | P54: 7.11911 | S54: 1.40096 | T54: 8.03726 | W54: 15.5548 | X54: 11.5217 | AA54: -1.44375 | AB54: 7.87602 | AE54: -2.22811 | AF54: 8.9667 | AI54: -2.46374 | AJ54: 1.34299 | AM54: -1.77815 | AN54: 5.07982 | AQ54: -1.98966 | AR54: 4.45888 | AU54: 0.09652 | AV54: 9.0818 | AY54: -2.58792 | AZ54: 0.942588 | BC54: 13.8515 | BD54: 10.6655 | BG54: -2.52374 | BH54: 10.2217 | BK54: 0.0709532 | BL54: 9.4313 | BO54: 0.392703 | BP54: 9.20119 | BS54: 11.2032 | BT54: 10.5861 | BW54: 0.0709532 | BX54: 9.43004 | CA54: 0.441231 | CB54: 6.67529 | CE54: 1.3736 | CF54: 8.01207
C55: 1.34611 | D55: 6.44185 | G55: -0.479028 | H55: 6.78935 | K55: -0.151522 | L55: 8.10271 | O55: -1.03859 | P55: 7.40456 | S55: 1.42358 | T55: 8.01521 | W55: 15.6285 | X55: 11.4253 | AA55: -1.28254 | AB55: 7.84476 | AE55: -2.18191 | AF55: 9.11957 | AI55: -2.42203 | AJ55: 1.77225 | AM55: -1.60835 | AN55: 5.1073 | AQ55: -2.10731 | AR55: 4.02641 | AU55: 0.367735 | AV55: 9.01875 | AY55: -2.5883 | AZ55: 1.91571 | BC55: 13.8817 | BD55: 10.7578 | BG55: -2.50179 | BH55: 12.0356 | BK55: 0.0909562 | BL55: 9.41415 | BO55: 1.76463 | BP55: 1.8 | BS55: 11.0538 | BT55: 10.3051 | BW55: 0.0909562 | BX55: 9.4129 | CA55: 0.314333 | CB55: 6.62959 | CE55: 1.10134 | CF55: 6.93427
C56: 1.36443 | D56: 6.46446 | G56: -0.388917 | H56: 6.60303 | K56: -0.00757466 | L56: 8.30542 | O56: -0.899688 | P56: 7.60404 | S56: 1.43851 | T56: 8.00086 | W56: 15.7395 | X56: 11.1846 | AA56: -1.26091 | AB56: 7.85777 | AE56: -2.12916 | AF56: 9.27204 | AI56: -2.41715 | AJ56: 1.83676 | AM56: -1.52887 | AN56: 5.13318 | AQ56: -2.12179 | AR56: 3.95777 | AU56: 0.477279 | AV56: 8.9581 | AY56: -2.58213 | AZ56: 3.66647 | BC56: 16.898 | BD56: 10.6355 | BG56: -2.43155 | BH56: 14.5934 | BK56: 0.107888 | BL56: 9.38445 | BO56: 1.76266 | BP56: 2.38523 | BS56: 11.0537 | BT56: 10.3052 | BW56: 0.107888 | BX56: 9.38318 | CA56: -0.0213941 | CB56: 6.44759 | CE56: 0.942814 | CF56: 6.72729
... C85: -1.97262 | D85: 8.54356 | G85: 0.234662 | H85: 6.79774 | K85: -0.110283 | L85: 7.27603 | O85: 1.03571 | P85: 7.86136 | S85: 0.989052 | T85: 6.72903 | W85: 17.1208 | X85: 3.41233 | AA85: 1.41048 | AB85: 6.25115 | AE85: 1.50562 | AF85: 8.01332 | AI85: 1.38798 | AJ85: 7.10601 | AM85: 1.48477 | AN85: 6.26559 | AQ85: 0.386599 | AR85: 9.15903 | AU85: -0.997123 | AV85: 5.8055 | AY85: 0.0801987 | AZ85: 9.06122 | BC85: 15.1941 | BD85: 10.1346 | BG85: 0.821351 | BH85: 8.77887 | BK85: 0.613293 | BL85: 5.80595 | BO85: 1.44443 | BP85: 6.16907 | BS85: 17.0865 | BT85: 3.54344 | BW85: 0.613293 | BX85: 5.80598 | CA85: -0.407005 | CB85: 8.32662 | CE85: -2.45639 | CF85: 1.15092
C86: -2.05001 | D86: 8.20366 | G86: 0.045106 | H86: 6.70076 | K86: -0.0387775 | L86: 7.24404 | O86: 0.844017 | P86: 8.00689 | S86: 1.31017 | T86: 6.81592 | AA86: 1.29824 | AB86: 6.20552 | AE86: 1.66038 | AF86: 7.59041 | AI86: 1.42301 | AJ86: 7.15029 | AM86: 1.25238 | AN86: 6.08933 | AQ86: 0.437481 | AR86: 9.21851 | AU86: -1.14563 | AV86: 5.63759 | AY86: 0.262373 | AZ86: 8.93993 | BC86: 15.1541 | BD86: 10.1191 | BG86: 0.862387 | BH86: 8.6926 | BK86: 0.826011 | BL86: 5.77421 | BO86: 1.4291 | BP86: 6.24824 | BS86: 17.0393 | BT86: 5.19848 | BW86: 0.826011 | BX86: 5.77424 | CA86: -0.510943 | CB86: 8.47593 | CE86: -2.49553 | CF86: 0.764878
C87: -2.12578 | D87: 7.54505 | G87: -0.0243201 | H87: 6.79545 | K87: 0.0338135 | L87: 7.1905 | O87: 0.619529 | P87: 7.73886 | S87: 1.38644 | T87: 6.80882 | AA87: 0.971489 | AB87: 5.89016 | AE87: 1.74307 | AF87: 7.43104 | AI87: 1.65142 | AJ87: 7.2061 | AM87: 1.01808 | AN87: 5.87063 | AQ87: 0.464936 | AR87: 9.25555 | AY87: 0.556504 | AZ87: 8.51825 | BG87: 1.17365 | BH87: 8.17581 | BK87: 1.01407 | BL87: 5.95395 | BO87: 1.17197 | BP87: 7.24731 | BW87: 1.01407 | BX87: 5.954 | CA87: -0.0380646 | CB87: 7.38147 | CE87: -2.52597 | CF87: 0.468484
C88: -2.21382 | D88: 6.86619 | G88: -0.0952967 | H88: 6.78024 | K88: 0.220814 | L88: 7.26425 | O88: 0.481098 | P88: 7.81028 | S88: 1.64012 | T88: 7.1138 | AA88: 0.951594 | AB88: 5.87951 | AE88: 1.76613 | AF88: 6.82515 | AI88: 1.85298 | AJ88: 3.67914 | AQ88: 0.684572 | AR88: 9.22937 | AY88: 0.578329 | AZ88: 8.50456 | BG88: 1.23782 | BH88: 7.98174 | BK88: 1.15693 | BL88: 5.99711 | BO88: 1.13556 | BP88: 7.37513 | BW88: 1.15693 | BX88: 5.99715 | CA88: 0.243666 | CB88: 6.83543 | CE88: -2.5312 | CF88: 0.569897
C89: -2.25585 | D89: 6.45072 | G89: -0.284532 | H89: 7.0214 | K89: 0.564885 | L89: 7.06227 | O89: 0.235894 | P89: 7.99539 | S89: 1.70999 | T89: 7.19795 | AA89: 0.909385 | AB89: 5.89494 | AE89: 1.91057 | AF89: 2.41905 | AI89: 1.89573 | AJ89: 2.8386 | AQ89: 0.882077 | AR89: 9.23859 | AY89: 0.593136 | AZ89: 8.47518 | BK89: 1.33014 | BL89: 6.23411 | BO89: 0.823065 | BP89: 8.15075 | BW89: 1.33014 | BX89: 6.23417 | CA89: 0.338306 | CB89: 6.64776 | CE89: -2.56431 | CF89: 1.01782
C90: -2.3231 | D90: 5.18806 | K90: 0.681728 | L90: 6.96282 | S90: 1.73789 | T90: 6.77618 | AA90: 0.909385 | AB90: 5.89494 | AE90: 1.91055 | AF90: 2.40617 | AI90: 1.89655 | AJ90: 2.81491 | AQ90: 0.911836 | AR90: 9.22358 | BK90: 1.42712 | BL90: 6.33751 | BO90: 0.80614 | BP90: 8.19431 | BW90: 1.42712 | BX90: 6.33758 | CA90: 0.479891 | CB90: 6.61484 | CE90: -2.57117 | CF90: 2.9597
C91: -2.34004 | D91: 4.95328 | K91: 0.797655 | L91: 6.66014 | AA91: 0.629795 | AB91: 6.12576 | AE91: 1.90999 | AF91: 2.74693 | AI91: 1.89662 | AJ91: 2.82132 | AQ91: 1.27539 | AR91: 8.69289 | BK91: 1.48925 | BL91: 6.52995 | BO91: 0.680056 | BP91: 8.48821 | BW91: 1.48925 | BX91: 6.52994 | CA91: 0.617545 | CB91: 6.53496 | CE91: -2.55695 | CF91: 6.90868
C92: -2.38785 | D92: 4.48507 | AA92: 0.496072 | AB92: 6.09201 | AQ92: 1.34461 | AR92: 8.56464 | BK92: 1.70655 | BL92: 4.99468 | BO92: 0.425567 | BP92: 9.13756 | BW92: 1.70655 | BX92: 4.99576 | CA92: 0.734977 | CB92: 6.38086
C93: -2.43012 | D93: 4.08543 | AQ93: 1.51264 | AR93: 8.17296 | BK93: 1.78001 | BL93: 2.94135 | BO93: 0.392703 | BP93: 9.20119 | BW93: 1.78001 | BX93: 2.9451 | CA93: 0.878714 | CB93: 5.73893
AQ94: 1.63877 | AR94: 7.94843 | CA94: 1.14226 | CB94: 5.48574
AQ95: 1.71495 | AR95: 6.29222 | CA95: 1.16836 | CB95: 5.32054
AQ96: 1.867 | AR96: 2.88428

Sheet Cp(y=5m)
A2: Sección del motor
C3: X | D3: Y | G3: X | H3: Y | K3: X | L3: Y | O3: X | P3: Y | S3: X | T3: Y | W3: X | X3: Y | AA3: X | AB3: Y | AE3: X | AF3: Y | AI3: X | AJ3: Y | AM3: X | AN3: Y | AQ3: X | AR3: Y | AU3: X | AV3: Y | AY3: X | AZ3: Y | BC3: X | BD3: Y | BG3: X | BH3: Y | BK3: X | BL3: Y | BO3: X | BP3: Y | BS3: X | BT3: Y | BW3: X | BX3: Y | CA3: X | CB3: Y | CE3: X | CF3: Y
B5: alfa | F5: alfa | J5: alfa | N5: alfa | R5: alfa | V5: alfa | Z5: alfa | AD5: alfa | AH5: alfa | AL5: alfa | AP5: alfa | AT5: alfa | AX5: alfa | BB5: alfa | BF5: alfa | BJ5: alfa | BN5: alfa | BR5: alfa | BV5: alfa | BZ5: alfa | CD5: alfa
B6: -5 | F6: -4 | J6: -3 | N6: -2 | R6: -1 | V6: 0 | Z6: 1 | AD6: 2 | AH6: 3 | AL6: 4 | AP6: 5 | AT6: 6 | AX6: 7 | BB6: 8 | BF6: 9 | BJ6: 10 | BN6: 11 | BR6: 12 | BV6: 13 | BZ6: 14 | CD6: 15
C7: 0.249391 | D7: -0.307798 | G7: -0.541836 | H7: -0.670845 | K7: 1.23724 | L7: -0.273565 | O7: -1.07646 | P7: 0.443979 | S7: -3.88304 | T7: -0.198389 | W7: -0.0602701 | X7: -0.17392 | AA7: 1.72581 | AB7: 0.289924 | AE7: -2.31006 | AF7: 0.450677 | AI7: -4.25946 | AJ7: 0.516138 | AM7: 1.16052 | AN7: -0.344844 | AQ7: -0.916612 | AR7: 0.432369 | AU7: -1.13397 | AV7: 0.304258 | AY7: -2.58105 | AZ7: 0.463646 | BC7: -3.45245 | BD7: -0.369243 | BG7: -1.44478 | BH7: 0.372821 | BK7: -0.773237 | BL7: 0.256309 | BO7: -4.35136 | BP7: -0.261768 | BS7: -1.44478 | BT7: 0.373011 | BW7: -0.773237 | BX7: 0.256176 | CA7: -4.44426 | CB7: 0.026607 | CE7: -0.560768 | CF7: 0.220913
C8: 0.177003 | D8: -0.307096 | G8: -0.60075 | H8: -0.712979 | K8: 1.36046 | L8: -0.237774 | O8: -1.16865 | P8: 0.435156 | S8: -3.86708 | T8: -0.197393 | W8: -0.0749285 | X8: -0.190262 | AA8: 1.6688 | AB8: 0.294653 | AE8: -2.30705 | AF8: 0.450894 | AI8: -4.27125 | AJ8: 0.485297 | AM8: 0.935976 | AN8: -0.418102 | AQ8: -1.00913 | AR8: 0.449241 | AU8: -1.18661 | AV8: 0.372561 | AY8: -2.46402 | AZ8: 0.465488 | BC8: -3.41957 | BD8: -0.354265 | BG8: -1.41744 | BH8: 0.810029 | BK8: -0.829247 | BL8: 0.283127 | BO8: -4.27451 | BP8: -1.10133 | BS8: -1.41744 | BT8: 0.809908 | BW8: -0.829247 | BX8: 0.283 | CA8: -4.36398 | CB8: 0.0393619 | CE8: -0.573645 | CF8: 0.223424
C9: 0.0429967 | D9: -0.299802 | G9: -0.670075 | H9: -0.764421 | K9: 1.45009 | L9: -0.210932 | O9: -1.17759 | P9: 0.434269 | S9: -3.85873 | T9: -0.199197 | W9: -0.164849 | X9: -0.253405 | AA9: 1.5182 | AB9: 0.308841 | AE9: -2.16247 | AF9: 0.459479 | AI9: -4.32995 | AJ9: 0.329215 | AM9: 0.924685 | AN9: -0.421932 | AQ9: -1.02855 | AR9: 0.452841 | AU9: -1.21649 | AV9: 0.411671 | AY9: -2.44519 | AZ9: 0.465584 | BC9: -3.34329 | BD9: -0.313154 | BG9: -1.35978 | BH9: 0.823682 | BK9: -0.889813 | BL9: 0.313959 | BO9: -4.25891 | BP9: -1.28132 | BS9: -1.35978 | BT9: 0.823473 | BW9: -0.889813 | BX9: 0.31384 | CA9: -4.35636 | CB9: 0.0383562 | CE9: -0.665162 | CF9: 0.240007
C10: 0.0121196 | D10: -0.29825 | G10: -0.730401 | H10: -0.810534 | K10: 1.53629 | L10: -0.17229 | O10: -1.18652 | P10: 0.434199 | S10: -3.7746 | T10: -0.205034 | W10: -0.169502 | X10: -0.254909 | AA10: 1.48705 | AB10: 0.309932 | AE10: -2.11953 | AF10: 0.460097 | AI10: -4.26086 | AJ10: -0.292455 | AM10: 0.895337 | AN10: -0.430163 | AQ10: -1.06157 | AR10: 0.459156 | AU10: -1.28547 | AV10: 0.499927 | AY10: -2.34099 | AZ10: 0.466522 | BC10: -3.31391 | BD10: -0.295351 | BG10: -1.30153 | BH10: 0.760163 | BK10: -0.926819 | BL10: 0.333489 | BO10: -4.2453 | BP10: -1.2536 | BS10: -1.30153 | BT10: 0.75992 | BW10: -0.926819 | BX10: 0.333375 | CA10: -4.32947 | CB10: 0.0359828 | CE10: -0.677063 | CF10: 0.241513
C11: -0.12147 | D11: -0.29246 | G11: -0.790365 | H11: -0.851827 | K11: 1.65658 | L11: -0.11644 | O11: -1.28423 | P11: 0.432759 | S11: -3.74001 | T11: -0.233916 | W11: -0.249594 | X11: -0.279708 | AA11: 1.34434 | AB11: 0.290291 | AE11: -2.02487 | AF11: 0.459603 | AI11: -4.24686 | AJ11: -0.419806 | AM11: 0.698548 | AN11: -0.488125 | AQ11: -1.13954 | AR11: 0.474912 | AU11: -1.33641 | AV11: 0.598106 | AY11: -2.32339 | AZ11: 0.466834 | BC11: -3.22947 | BD11: -0.237419 | BG11: -1.24055 | BH11: 0.668672 | BK11: -0.966277 | BL11: 0.358019 | BO11: -4.1585 | BP11: -1.02159 | BS11: -1.24055 | BT11: 0.668424 | BW11: -0.966277 | BX11: 0.357909 | CA11: -4.26885 | CB11: 0.0308959 | CE11: -0.743105 | CF11: 0.250759
C12: -0.215387 | D12: -0.286936 | G12: -0.842347 | H12: -0.895275 | K12: 1.73038 | L12: -0.0627368 | O12: -1.37465 | P12: 0.430446 | S12: -3.68226 | T12: -0.266439 | W12: -0.30667 | X12: -0.302645 | AA12: 1.23139 | AB12: 0.274783 | AE12: -1.99007 | AF12: 0.459716 | AI12: -4.23168 | AJ12: -0.439456 | AM12: 0.635202 | AN12: -0.50175 | AQ12: -1.22164 | AR12: 0.486248 | AU12: -1.41037 | AV12: 0.70152 | AY12: -2.21817 | AZ12: 0.469157 | BC12: -3.19251 | BD12: -0.21693 | BG12: -1.19065 | BH12: 0.597247 | BK12: -1.00959 | BL12: 0.391485 | BO12: -4.0643 | BP12: -0.773576 | BS12: -1.19065 | BT12: 0.597013 | BW12: -1.00959 | BX12: 0.39138 | CA12: -4.25505 | CB12: 0.030177 | CE12: -0.823125 | CF12: 0.262155
C13: -0.310048 | D13: -0.282596 | G13: -0.898486 | H13: -0.943528 | K13: 1.84906 | L13: 0.0223619 | O13: -1.3793 | P13: 0.430325 | S13: -3.64953 | T13: -0.290166 | W13: -0.333896 | X13: -0.310108 | AA13: 1.2131 | AB13: 0.271629 | AE13: -1.97154 | AF13: 0.459828 | AI13: -4.14508 | AJ13: -0.544799 | AM13: 0.535475 | AN13: -0.525208 | AQ13: -1.23637 | AR13: 0.488278 | AU13: -1.45352 | AV13: 0.715161 | AY13: -2.18526 | AZ13: 0.469274 | BC13: -3.11295 | BD13: -0.169095 | BG13: -1.13762 | BH13: 0.544704 | BK13: -1.04501 | BL13: 0.418328 | BO13: -4.03973 | BP13: -0.710297 | BS13: -1.13762 | BT13: 0.544487 | BW13: -1.04501 | BX13: 0.418227 | CA13: -4.17779 | CB13: 0.0224751 | CE13: -0.840955 | CF13: 0.2649
C14: -0.43312 | D14: -0.277894 | G14: -0.95366 | H14: -0.993259 | K14: 1.95322 | L14: 0.061651 | O14: -1.47082 | P14: 0.426832 | S14: -3.59298 | T14: -0.303804 | W14: -0.390473 | X14: -0.333464 | AA14: 1.18981 | AB14: 0.264756 | AE14: -1.87129 | AF14: 0.46181 | AI14: -4.06092 | AJ14: -0.445044 | AM14: 0.426165 | AN14: -0.543285 | AQ14: -1.24961 | AR14: 0.48772 | AU14: -1.47232 | AV14: 0.691397 | AY14: -2.08907 | AZ14: 0.470174 | BC14: -3.08723 | BD14: -0.153952 | BG14: -1.0836 | BH14: 0.492835 | BK14: -1.0998 | BL14: 0.464429 | BO14: -4.02606 | BP14: -0.684773 | BS14: -1.0836 | BT14: 0.492641 | BW14: -1.0998 | BX14: 0.464332 | CA14: -4.13839 | CB14: 0.0192032 | CE14: -0.859092 | CF14: 0.267527
C15: -0.506767 | D15: -0.274807 | G15: -1.00912 | H15: -1.03436 | K15: 1.95335 | L15: 0.061417 | O15: -1.50452 | P15: 0.426133 | S15: -3.52904 | T15: -0.309378 | W15: -0.415509 | X15: -0.340347 | AA15: 0.94255 | AB15: 0.185824 | AE15: -1.77517 | AF15: 0.462474 | AI15: -4.03337 | AJ15: -0.409793 | AM15: 0.386813 | AN15: -0.548661 | AQ15: -1.33222 | AR15: 0.484074 | AU15: -1.51795 | AV15: 0.120104 | AY15: -2.04947 | AZ15: 0.47121 | BC15: -2.99963 | BD15: -0.114653 | BG15: -1.03287 | BH15: 0.441574 | BK15: -1.14998 | BL15: 0.507168 | BO15: -3.92894 | BP15: -0.582999 | BS15: -1.03287 | BT15: 0.441399 | BW15: -1.14998 | BX15: 0.507076 | CA15: -4.07274 | CB15: 0.0134148 | CE15: -0.943376 | CF15: 0.279436
C16: -0.662353 | D16: -0.269669 | G16: -1.0676 | H16: -1.07541 | K16: 1.95336 | L16: 0.0617321 | O16: -1.58501 | P16: 0.423474 | S16: -3.49096 | T16: -0.304102 | W16: -0.473244 | X16: -0.352259 | AA16: 0.898927 | AB16: 0.170915 | AE16: -1.75052 | AF16: 0.462661 | AI16: -4.0157 | AJ16: -0.392848 | AM16: 0.270165 | AN16: -0.565049 | AQ16: -1.4256 | AR16: 0.480917 | AU16: -1.53442 | AV16: -0.336652 | AY16: -1.97044 | AZ16: 0.472789 | BC16: -2.97424 | BD16: -0.104218 | BG16: -0.995939 | BH16: 0.404152 | BK16: -1.20468 | BL16: 0.552809 | BO16: -3.9038 | BP16: -0.553976 | BS16: -0.995939 | BT16: 0.403995 | BW16: -1.20468 | BX16: 0.552722 | CA16: -4.06 | CB16: 0.0120352 | CE16: -1.02029 | CF16: 0.289393
C17: -0.701826 | D17: -0.269241 | G17: -1.11682 | H17: -1.1066 | K17: 1.9534 | L17: 0.0663713 | O17: -1.66237 | P17: 0.41832 | S17: -3.41328 | T17: -0.274918 | W17: -0.489882 | X17: -0.351465 | AA17: 0.749659 | AB17: 0.114533 | AE17: -1.73725 | AF17: 0.463196 | AI17: -3.90399 | AJ17: -0.33984 | AM17: 0.187733 | AN17: -0.576337 | AQ17: -1.4343 | AR17: 0.480619 | AU17: -1.53619 | AV17: -1.34961 | AY17: -1.93839 | AZ17: 0.473392 | BC17: -2.88419 | BD17: -0.068722 | BG17: -0.945512 | BH17: 0.361909 | BK17: -1.25543 | BL17: 0.593973 | BO17: -3.89977 | BP17: -0.551624 | BS17: -0.945512 | BT17: 0.361774 | BW17: -1.25543 | BX17: 0.593891 | CA17: -3.9934 | CB17: 0.00433609 | CE17: -1.03621 | CF17: 0.291365
C18: -0.792206 | D18: -0.269428 | G18: -1.174 | H18: -1.14265 | K18: 1.95422 | L18: 0.151842 | O18: -1.71314 | P18: 0.417076 | S18: -3.38024 | T18: -0.268332 | W18: -0.54403 | X18: -0.344933 | AA18: 0.677932 | AB18: 0.088375 | AE18: -1.6438 | AF18: 0.467864 | AI18: -3.90035 | AJ18: -0.336273 | AM18: 0.161936 | AN18: -0.580999 | AQ18: -1.44364 | AR18: 0.480599 | AU18: -1.22508 | AV18: 0.312223 | AY18: -1.9048 | AZ18: 0.473605 | BC18: -2.84891 | BD18: -0.0592696 | BG18: -0.897303 | BH18: 0.324258 | BK18: -1.30904 | BL18: 0.646473 | BO18: -3.88869 | BP18: -0.546703 | BS18: -0.897303 | BT18: 0.324143 | BW18: -1.30904 | BX18: 0.646397 | CA18: -3.96142 | CB18: 0.000236484 | CE18: -1.06022 | CF18: 0.293842
... C462: 1.02947 | D462: -0.283541 | G462: 1.00424 | H462: -0.304929 | K462: -0.786488 | L462: -0.0684277 | O462: 0.549979 | P462: -0.390283 | S462: -3.07913 | T462: -0.195545 | W462: -0.479169 | X462: -0.521113 | AA462: 1.39173 | AB462: -0.252283 | AE462: -4.35295 | AF462: 0.31872 | AI462: -0.784703 | AJ462: 0.0228759 | AM462: 1.42639 | AN462: 0.325973 | AQ462: 1.89779 | AR462: 0.0791545 | AU462: -0.891073 | AV462: -0.985552 | AY462: -3.84255 | AZ462: -0.0565878 | BC462: -3.95703 | BD462: 0.307665 | BG462: -1.26022 | BH462: -1.66652 | BK462: -4.47668 | BL462: 0.367399 | BO462: 0.720066 | BP462: -0.431145 | BS462: -1.26022 | BT462: -1.66654 | BW462: -4.47668 | BX462: 0.367358 | CA462: 0.92957 | CB462: -0.531842 | CE462: -4.2338 | CF462: -1.39298
C463: 1.00278 | D463: -0.288962 | G463: 1.25789 | H463: -0.252484 | K463: -0.760008 | L463: -0.067172 | O463: 0.60387 | P463: -0.389472 | W463: -0.554159 | X463: -0.532285 | AA463: 1.46117 | AB463: -0.222003 | AE463: -4.34425 | AF463: 0.276059 | AI463: -0.711384 | AJ463: 0.0262345 | AM463: 1.27887 | AN463: 0.316181 | AQ463: 1.89651 | AR463: 0.156568 | AU463: -0.806103 | AV463: -0.937682 | AY463: -3.8341 | AZ463: -0.0579147 | BC463: -3.97225 | BD463: 0.299129 | BG463: -1.35637 | BH463: -2.03883 | BK463: -4.50155 | BL463: 0.404741 | BO463: 0.554959 | BP463: -0.48818 | BS463: -1.35637 | BT463: -2.03898 | BW463: -4.50155 | BX463: 0.4047 | CA463: 1.10715 | CB463: -0.530256 | CE463: -4.24999 | CF463: -1.23224
C464: 0.981652 | D464: -0.290613 | G464: 1.37637 | H464: -0.22067 | K464: -0.668839 | L464: -0.0638675 | O464: 0.777789 | P464: -0.375581 | W464: -0.694887 | X464: -0.564233 | AA464: 1.55916 | AB464: -0.177734 | AE464: -4.33569 | AF464: 0.247311 | AI464: -0.695533 | AJ464: 0.0271641 | AM464: 1.19225 | AN464: 0.295009 | AQ464: 1.8729 | AR464: 0.171636 | AU464: -0.725506 | AV464: -0.892297 | AY464: -3.74175 | AZ464: -0.0718176 | BC464: -4.03392 | BD464: 0.261145 | BG464: -1.35807 | BH464: -2.04703 | BK464: -4.5676 | BL464: 0.600481 | BO464: 0.542353 | BP464: -0.492743 | BS464: -1.35807 | BT464: -2.04718 | BW464: -4.5676 | BX464: 0.600447 | CA464: 1.15188 | CB464: -0.524558 | CE464: -4.33027 | CF464: -0.424553
C465: 0.800833 | D465: -0.308171 | G465: 1.45169 | H465: -0.199564 | K465: -0.65863 | L465: -0.0626403 | O465: 0.795447 | P465: -0.373933 | W465: -0.746022 | X465: -0.574461 | AA465: 1.65084 | AB465: -0.121046 | AE465: -4.25185 | AF465: -0.0222996 | AI465: -0.675134 | AJ465: 0.0282324 | AM465: 1.09999 | AN465: 0.268681 | AQ465: 1.70169 | AR465: 0.284193 | AU465: -0.68063 | AV465: -0.874326 | AY465: -3.71038 | AZ465: -0.0731894 | BC465: -4.08253 | BD465: 0.219707 | BG465: -1.45536 | BH465: -2.19269 | BK465: -4.57396 | BL465: 0.621819 | BO465: 0.502082 | BP465: -0.507678 | BS465: -1.45536 | BT465: -2.19267 | BW465: -4.57396 | BX465: 0.621786 | CA465: 1.27652 | CB465: -0.512085 | CE465: -4.28499 | CF465: 0.604646
C466: 0.692683 | D466: -0.312219 | G466: 1.60778 | H466: -0.137405 | K466: -0.627407 | L466: -0.0564828 | O466: 0.840548 | P466: -0.367384 | W466: -0.82056 | X466: -0.590752 | AA466: 1.72403 | AB466: -0.0725365 | AE466: -4.1915 | AF466: -0.0523099 | AI466: -0.610332 | AJ466: 0.031912 | AM466: 1.04378 | AN466: 0.253758 | AQ466: 1.65964 | AR466: 0.292689 | AU466: -0.538464 | AV466: -0.814113 | AY466: -3.63421 | AZ466: -0.069955 | BC466: -4.13619 | BD466: 0.177942 | BG466: -1.49611 | BH466: -2.4247 | BK466: -4.58135 | BL466: 0.618473 | BO466: 0.380463 | BP466: -0.554198 | BS466: -1.49611 | BT466: -2.42456 | BW466: -4.58135 | BX466: 0.618414 | CA466: 1.34173 | CB466: -0.49935 | CE466: -4.27604 | CF466: 0.806492
C467: 0.576799 | D467: -0.313361 | G467: 1.63603 | H467: -0.126688 | K467: -0.552961 | L467: -0.0423364 | O467: 0.991513 | P467: -0.346193 | W467: -0.898218 | X467: -0.604481 | AA467: 1.80183 | AB467: -0.0107409 | AE467: -4.16311 | AF467: -0.0660433 | AI467: -0.584602 | AJ467: 0.0336137 | AM467: 0.919671 | AN467: 0.207307 | AQ467: 1.5379 | AR467: 0.309825 | AU467: -0.477856 | AV467: -0.793465 | AY467: -3.57031 | AZ467: -0.0634094 | BC467: -4.20204 | BD467: 0.108211 | BG467: -1.52037 | BH467: -2.10308 | BK467: -4.63198 | BL467: 0.603502 | BO467: 0.356227 | BP467: -0.563049 | BS467: -1.52037 | BT467: -2.10256 | BW467: -4.63198 | BX467: 0.603371 | CA467: 1.45705 | CB467: -0.473847 | CE467: -4.25455 | CF467: 0.754467
C468: 0.495662 | D468: -0.310074 | G468: 1.65269 | H468: -0.116995 | O468: 1.06081 | P468: -0.33033 | W468: -0.956106 | X468: -0.618159 | AA468: 1.92757 | AB468: 0.0955158 | AE468: -4.11162 | AF468: -0.0954234 | AI468: -0.52698 | AJ468: 0.0368164 | AM468: 0.886592 | AN468: 0.198021 | AQ468: 1.45976 | AR468: 0.322767 | AU468: -0.305743 | AV468: -0.743654 | AY468: -3.53431 | AZ468: -0.0602615 | BC468: -4.24273 | BD468: 0.0539908 | BG468: -1.54371 | BH468: -1.22837 | BK468: -4.57768 | BL468: 0.259564 | BO468: 0.271509 | BP468: -0.589422 | BS468: -1.54371 | BT468: -1.22762 | BW468: -4.57768 | BX468: 0.25887 | CA468: 1.49659 | CB468: -0.466663 | CE468: -4.17408 | CF468: 0.553967
C469: 0.440087 | D469: -0.308338 | G469: 1.79773 | H469: -0.0344328 | O469: 1.21513 | P469: -0.285625 | AA469: 1.93029 | AB469: 0.0980885 | AE469: -4.08702 | AF469: -0.109284 | AI469: -0.470688 | AJ469: 0.0427197 | AQ469: 1.42772 | AR469: 0.323511 | AU469: -0.250905 | AV469: -0.726949 | BC469: -4.30711 | BD469: -0.0993958 | BG469: -1.51837 | BH469: -0.686674 | BO469: 0.230637 | BP469: -0.603038 | BS469: -1.51837 | BT469: -0.68606 | CA469: 1.5344 | CB469: -0.459705
C470: 0.342008 | D470: -0.308667 | G470: 1.92662 | H470: 0.0881593 | AA470: 1.9301 | AB470: 0.16811 | AE470: -4.07398 | AF470: -0.112257 | AI470: -0.427285 | AJ470: 0.0494447 | AQ470: 1.1815 | AR470: 0.29773 | AU470: -0.126542 | AV470: -0.69385 | BC470: -4.33418 | BD470: -0.205773 | BG470: -1.4892 | BH470: 0.0452481 | BO470: 0.0929174 | BP470: -0.651959 | BS470: -1.4892 | BT470: 0.0456758 | CA470: 1.63799 | CB470: -0.449668
C471: 0.249391 | D471: -0.307798 | G471: 1.95764 | H471: 0.116544 | AA471: 1.93007 | AB471: 0.180129 | AE471: -4.01085 | AF471: -0.134949 | AI471: -0.352987 | AJ471: 0.0601613 | AU471: 0.0367035 | AV471: -0.647872 | BC471: -4.41564 | BD471: -0.646163 | BG471: -1.44478 | BH471: 0.372821 | BO471: 0.0626497 | BP471: -0.662852 | BS471: -1.44478 | BT471: 0.373011 | CA471: 1.7703 | CB471: -0.492796
AA472: 1.92159 | AB472: 0.184767 | AE472: -3.96481 | AF472: -0.144155 | AU472: 0.0614817 | AV472: -0.641519 | BO472: 0.0596665 | BP472: -0.664039 | CA472: 1.79126 | CB472: -0.499522
AA473: 1.73582 | AB473: 0.28872 | AE473: -3.79846 | AF473: -0.196682 | AU473: 0.119336 | AV473: -0.628438 | BO473: 0.0546475 | BP473: -0.666025 | CA473: 1.78821 | CB473: -0.389982
AA474: 1.72581 | AB474: 0.289924 | AE474: -3.76772 | AF474: -0.202379 | AU474: 0.1996 | AV474: -0.612304
AE475: -3.67025 | AF475: -0.209083 | AU475: 0.236904 | AV475: -0.604477
AE476: -3.66767 | AF476: -0.209206 | AU476: 0.378763 | AV476: -0.580176
AE477: -3.65891 | AF477: -0.209261
W481: try
W483: X | X483: Y
W486: -4.16442 | X486: 0.382364
W487: -4.15817 | X487: -0.0367236
W488: -4.15418 | X488: 0.457716
W489: -4.15216 | X489: 0.328968
W490: -4.1446 | X490: -0.164303
W491: -4.13779 | X491: 0.286933
W492: -4.13268 | X492: -0.228369
W493: -4.10957 | X493: 0.374592
W494: -4.0836 | X494: -0.203378
W495: -4.08134 | X495: 0.32029
W496: -4.0737 | X496: -0.296099
W497: -4.06474 | X497: -0.317689
... W946: 1.96274 | X946: 0.132315

Sheet Esf_X_(y=5m)
A2: Sección del motor
C3: X | D3: Y | G3: X | H3: Y | K3: X | L3: Y | O3: X | P3: Y | S3: X | T3: Y | W3: X | X3: Y | AA3: X | AB3: Y | AE3: X | AF3: Y | AI3: X | AJ3: Y | AM3: X | AN3: Y | AQ3: X | AR3: Y | AU3: X | AV3: Y | AY3: X | AZ3: Y | BC3: X | BD3: Y | BG3: X | BH3: Y | BK3: X | BL3: Y | BO3: X | BP3: Y | BS3: X | BT3: Y | BW3: X | BX3: Y | CA3: X | CB3: Y | CE3: X | CF3: Y
B5: alfa | F5: alfa | J5: alfa | N5: alfa | R5: alfa | V5: alfa | Z5: alfa | AD5: alfa | AH5: alfa | AL5: alfa | AP5: alfa | AT5: alfa | AX5: alfa | BB5: alfa | BF5: alfa | BJ5: alfa | BN5: alfa | BR5: alfa | BV5: alfa | BZ5: alfa | CD5: alfa
B6: -5 | F6: -4 | J6: -3 | N6: -2 | R6: -1 | V6: 0 | Z6: 1 | AD6: 2 | AH6: 3 | AL6: 4 | AP6: 5 | AT6: 6 | AX6: 7 | BB6: 8 | BF6: 9 | BJ6: 10 | BN6: 11 | BR6: 12 | BV6: 13 | BZ6: 14 | CD6: 15
B7: a | C7: 0.249391 | D7: 9.89993 | G7: -0.541836 | H7: 18.7342 | K7: 1.23724 | L7: 9.95763 | O7: -1.07646 | P7: 5.70653 | S7: -3.88304 | T7: 4.73104 | W7: -0.0602701 | X7: 13.675 | AA7: 1.72581 | AB7: 8.49533 | AE7: -2.31006 | AF7: 5.17077 | AI7: -4.25946 | AJ7: 0.976328 | AM7: 1.16052 | AN7: 13.0998 | AQ7: -0.916612 | AR7: 4.60926 | AU7: -1.13397 | AV7: 9.86291 | AY7: -2.58105 | AZ7: 3.55322 | BC7: -3.45245 | BD7: 20.4568 | BG7: -1.44478 | BH7: -2.10348 | BK7: -0.773237 | BL7: 9.54966 | BO7: -4.35136 | BP7: 2.39704 | BS7: -1.44478 | BT7: -2.07701 | BW7: -0.773237 | BX7: 9.55045 | CA7: -4.44426 | CB7: -1.03818 | CE7: -0.560768 | CF7: 8.09881
B8: b | C8: 0.177003 | D8: 9.84614 | G8: -0.60075 | H8: 18.8858 | K8: 1.36046 | L8: 10.2751 | O8: -1.16865 | P8: 5.66127 | S8: -3.86708 | T8: 4.8355 | W8: -0.0749285 | X8: 13.8132 | AA8: 1.6688 | AB8: 8.44827 | AE8: -2.30705 | AF8: 5.17133 | AI8: -4.27125 | AJ8: 1.04165 | AM8: 0.935976 | AN8: 14.0208 | AQ8: -1.00913 | AR8: 4.34452 | AU8: -1.18661 | AV8: 9.76162 | AY8: -2.46402 | AZ8: 3.61168 | BC8: -3.41957 | BD8: 19.8292 | BG8: -1.41744 | BH8: 0.278564 | BK8: -0.829247 | BL8: 9.39994 | BO8: -4.27451 | BP8: 5.52316 | BS8: -1.41744 | BT8: 0.252528 | BW8: -0.829247 | BX8: 9.40069 | CA8: -4.36398 | CB8: -2.26641 | CE8: -0.573645 | CF8: 7.98774
C9: 0.0429967 | D9: 9.49547 | G9: -0.670075 | H9: 18.9995 | K9: 1.45009 | L9: 10.409 | O9: -1.17759 | P9: 5.65721 | S9: -3.85873 | T9: 4.90354 | W9: -0.164849 | X9: 13.8492 | AA9: 1.5182 | AB9: 8.24072 | AE9: -2.16247 | AF9: 5.31458 | AI9: -4.32995 | AJ9: 1.24864 | AM9: 0.924685 | AN9: 14.071 | AQ9: -1.02855 | AR9: 4.31181 | AU9: -1.21649 | AV9: 9.61072 | AY9: -2.44519 | AZ9: 3.64732 | BC9: -3.34329 | BD9: 17.9321 | BG9: -1.35978 | BH9: 1.88174 | BK9: -0.889813 | BL9: 9.15003 | BO9: -4.25891 | BP9: 6.19799 | BS9: -1.35978 | BT9: 1.87142 | BW9: -0.889813 | BX9: 9.1508 | CA9: -4.35636 | CB9: -2.53333 | CE9: -0.665162 | CF9: 7.26368
C10: 0.0121196 | D10: 9.34602 | G10: -0.730401 | H10: 18.9668 | K10: 1.53629 | L10: 10.4949 | O10: -1.18652 | P10: 5.64621 | S10: -3.7746 | T10: 5.62175 | W10: -0.169502 | X10: 13.8581 | AA10: 1.48705 | AB10: 8.22646 | AE10: -2.11953 | AF10: 5.37682 | AI10: -4.26086 | AJ10: 3.32758 | AM10: 0.895337 | AN10: 14.1471 | AQ10: -1.06157 | AR10: 4.22071 | AU10: -1.28547 | AV10: 8.68674 | AY10: -2.34099 | AZ10: 3.78304 | BC10: -3.31391 | BD10: 17.3666 | BG10: -1.30153 | BH10: 3.35646 | BK10: -0.926819 | BL10: 8.97401 | BO10: -4.2453 | BP10: 6.19652 | BS10: -1.30153 | BT10: 3.3522 | BW10: -0.926819 | BX10: 8.97473 | CA10: -4.32947 | CB10: -2.95588 | CE10: -0.677063 | CF10: 7.20421
C11: -0.12147 | D11: 8.82668 | G11: -0.790365 | H11: 18.8368 | K11: 1.65658 | L11: 10.2793 | O11: -1.28423 | P11: 5.59891 | S11: -3.74001 | T11: 6.03973 | W11: -0.249594 | X11: 14.249 | AA11: 1.34434 | AB11: 8.45077 | AE11: -2.02487 | AF11: 5.57785 | AI11: -4.24686 | AJ11: 3.70854 | AM11: 0.698548 | AN11: 14.6666 | AQ11: -1.13954 | AR11: 4.01534 | AU11: -1.33641 | AV11: 7.4476 | AY11: -2.32339 | AZ11: 3.79379 | BC11: -3.22947 | BD11: 15.9644 | BG11: -1.24055 | BH11: 4.39397 | BK11: -0.966277 | BL11: 8.73035 | BO11: -4.1585 | BP11: 7.48002 | BS11: -1.24055 | BT11: 4.3786 | BW11: -0.966277 | BX11: 8.7311 | CA11: -4.26885 | CB11: -3.82945 | CE11: -0.743105 | CF11: 7.02179
C12: -0.215387 | D12: 8.67857 | G12: -0.842347 | H12: 18.716 | K12: 1.73038 | L12: 10.0791 | O12: -1.37465 | P12: 5.48812 | S12: -3.68226 | T12: 6.83266 | W12: -0.30667 | X12: 14.4262 | AA12: 1.23139 | AB12: 8.57835 | AE12: -1.99007 | AF12: 5.6151 | AI12: -4.23168 | AJ12: 3.87486 | AM12: 0.635202 | AN12: 14.8261 | AQ12: -1.22164 | AR12: 3.85081 | AU12: -1.41037 | AV12: 5.90938 | AY12: -2.21817 | AZ12: 3.82778 | BC12: -3.19251 | BD12: 15.5041 | BG12: -1.19065 | BH12: 5.3161 | BK12: -1.00959 | BL12: 8.48053 | BO12: -4.0643 | BP12: 7.34064 | BS12: -1.19065 | BT12: 5.30327 | BW12: -1.00959 | BX12: 8.48131 | CA12: -4.25505 | CB12: -3.90029 | CE12: -0.823125 | CF12: 6.74418
C13: -0.310048 | D13: 8.12484 | G13: -0.898486 | H13: 18.6927 | K13: 1.84906 | L13: 9.63911 | O13: -1.3793 | P13: 5.48234 | S13: -3.64953 | T13: 7.16603 | W13: -0.333896 | X13: 14.6763 | AA13: 1.2131 | AB13: 8.6052 | AE13: -1.97154 | AF13: 5.65347 | AI13: -4.14508 | AJ13: 4.67522 | AM13: 0.535475 | AN13: 15.1257 | AQ13: -1.23637 | AR13: 3.82527 | AU13: -1.45352 | AV13: 3.36295 | AY13: -2.18526 | AZ13: 3.80827 | BC13: -3.11295 | BD13: 14.1364 | BG13: -1.13762 | BH13: 5.95235 | BK13: -1.04501 | BL13: 8.08389 | BO13: -4.03973 | BP13: 7.20353 | BS13: -1.13762 | BT13: 5.94379 | BW13: -1.04501 | BX13: 8.08468 | CA13: -4.17779 | CB13: -4.24427 | CE13: -0.840955 | CF13: 6.64727
C14: -0.43312 | D14: 7.80733 | G14: -0.95366 | H14: 19.0117 | K14: 1.95322 | L14: 2.60648 | O14: -1.47082 | P14: 5.34664 | S14: -3.59298 | T14: 7.43967 | W14: -0.390473 | X14: 14.8828 | AA14: 1.18981 | AB14: 8.68134 | AE14: -1.87129 | AF14: 5.79584 | AI14: -4.06092 | AJ14: 5.25201 | AM14: 0.426165 | AN14: 15.6344 | AQ14: -1.24961 | AR14: 3.8213 | AU14: -1.47232 | AV14: 2.62386 | AY14: -2.08907 | AZ14: 3.83405 | BC14: -3.08723 | BD14: 13.8977 | BG14: -1.0836 | BH14: 6.64729 | BK14: -1.0998 | BL14: 7.60935 | BO14: -4.02606 | BP14: 7.13048 | BS14: -1.0836 | BT14: 6.66199 | BW14: -1.0998 | BX14: 7.61006 | CA14: -4.13839 | CB14: -4.42586 | CE14: -0.859092 | CF14: 6.53862
C15: -0.506767 | D15: 7.57394 | G15: -1.00912 | H15: 19.3085 | K15: 1.95335 | L15: 2.5983 | O15: -1.50452 | P15: 5.34565 | S15: -3.52904 | T15: 7.80124 | W15: -0.415509 | X15: 14.9182 | AA15: 0.94255 | AB15: 9.39725 | AE15: -1.77517 | AF15: 5.79373 | AI15: -4.03337 | AJ15: 5.47892 | AM15: 0.386813 | AN15: 15.8376 | AQ15: -1.33222 | AR15: 3.83981 | AU15: -1.51795 | AV15: 1.06403 | AY15: -2.04947 | AZ15: 3.85318 | BC15: -2.99963 | BD15: 12.6875 | BG15: -1.03287 | BH15: 7.08711 | BK15: -1.14998 | BL15: 7.19695 | BO15: -3.92894 | BP15: 7.28808 | BS15: -1.03287 | BT15: 7.10421 | BW15: -1.14998 | BX15: 7.19765 | CA15: -4.07274 | CB15: -4.99305 | CE15: -0.943376 | CF15: 5.96937
C16: -0.662353 | D16: 6.95519 | G16: -1.0676 | H16: 19.1757 | K16: 1.95336 | L16: 2.59524 | O16: -1.58501 | P16: 5.50844 | S16: -3.49096 | T16: 7.87421 | W16: -0.473244 | X16: 14.5943 | AA16: 0.898927 | AB16: 9.54011 | AE16: -1.75052 | AF16: 5.78039 | AI16: -4.0157 | AJ16: 5.57484 | AM16: 0.270165 | AN16: 16.1812 | AQ16: -1.4256 | AR16: 3.88697 | AU16: -1.53442 | AV16: 3.70927 | AY16: -1.97044 | AZ16: 3.86432 | BC16: -2.97424 | BD16: 12.6123 | BG16: -0.995939 | BH16: 7.30272 | BK16: -1.20468 | BL16: 6.75266 | BO16: -3.9038 | BP16: 7.42269 | BS16: -0.995939 | BT16: 7.33488 | BW16: -1.20468 | BX16: 6.75334 | CA16: -4.06 | CB16: -5.09991 | CE16: -1.02029 | CF16: 5.27334
C17: -0.701826 | D17: 6.90158 | G17: -1.11682 | H17: 19.1395 | K17: 1.9534 | L17: 2.63534 | O17: -1.66237 | P17: 5.63326 | S17: -3.41328 | T17: 8.34134 | W17: -0.489882 | X17: 14.5225 | AA17: 0.749659 | AB17: 9.84587 | AE17: -1.73725 | AF17: 5.77641 | AI17: -3.90399 | AJ17: 6.68659 | AM17: 0.187733 | AN17: 16.4032 | AQ17: -1.4343 | AR17: 3.89468 | AU17: -1.53619 | AV17: 15.1483 | AY17: -1.93839 | AZ17: 3.83861 | BC17: -2.88419 | BD17: 11.3213 | BG17: -0.945512 | BH17: 7.38514 | BK17: -1.25543 | BL17: 6.3413 | BO17: -3.89977 | BP17: 7.43752 | BS17: -0.945512 | BT17: 7.42541 | BW17: -1.25543 | BX17: 6.34194 | CA17: -3.9934 | CB17: -5.37659 | CE17: -1.03621 | CF17: 5.11601
C18: -0.792206 | D18: 6.40699 | G18: -1.174 | H18: 19.0834 | K18: 1.95422 | L18: 3.34536 | O18: -1.71314 | P18: 5.68406 | S18: -3.38024 | T18: 8.54379 | W18: -0.54403 | X18: 14.7802 | AA18: 0.677932 | AB18: 10.3826 | AE18: -1.6438 | AF18: 5.75205 | AI18: -3.90035 | AJ18: 6.70832 | AM18: 0.161936 | AN18: 16.4519 | AQ18: -1.44364 | AR18: 3.89534 | AU18: -1.22508 | AV18: 8.48457 | AY18: -1.9048 | AZ18: 3.82023 | BC18: -2.84891 | BD18: 11.2316 | BG18: -0.897303 | BH18: 7.65824 | BK18: -1.30904 | BL18: 5.5391 | BO18: -3.88869 | BP18: 7.41671 | BS18: -0.897303 | BT18: 7.6839 | BW18: -1.30904 | BX18: 5.53975 | CA18: -3.96142 | CB18: -5.58019 | CE18: -1.06022 | CF18: 4.95762
C19: -0.874863 | D19: 6.17429 | G19: -1.22282 | H19: 18.5573 | K19: 1.88987 | L19: 7.45525 | O19: -1.79932 | P19: 5.51193 | S19: -3.3034 | T19: 8.93468 | W19: -0.59749 | X19: 14.9422 | AA19: 0.587732 | AB19: 10.8679 | AE19: -1.63353 | AF19: 5.77025 | AI19: -3.89651 | AJ19: 6.74761 | AM19: 0.0192715 | AN19: 16.7474 | AQ19: -1.53723 | AR19: 3.90549 | AU19: -1.28117 | AV19: 7.91122 | AY19: -1.82511 | AZ19: 3.83254 | BC19: -2.78065 | BD19: 10.5667 | BG19: -0.855637 | BH19: 7.72205 | BK19: -1.35489 | BL19: 5.05361 | BO19: -3.78919 | BP19: 7.66683 | BS19: -0.855637 | BT19: 7.73864 | BW19: -1.35489 | BX19: 5.05429 | CA19: -3.89322 | CB19: -5.84703 | CE19: -1.12463 | CF19: 4.54
C20: -0.913112 | D20: 6.05571 | G20: -1.28221 | H20: 18.098 | K20: 1.85629 | L20: 8.61306 | O20: -1.83387 | P20: 5.44585 | S20: -3.27031 | T20: 9.08126 | W20: -0.662179 | X20: 14.9443 | AA20: 0.545856 | AB20: 11.1288 | AE20: -1.55207 | AF20: 5.79997 | AI20: -3.79739 | AJ20: 7.63555 | AM20: -0.0191338 | AN20: 17.0308 | AQ20: -1.63798 | AR20: 3.89824 | AU20: -1.33714 | AV20: 7.16796 | AY20: -1.72109 | AZ20: 3.80816 | BC20: -2.74814 | BD20: 10.3486 | BG20: -0.802004 | BH20: 7.84924 | BK20: -1.41072 | BL20: 3.96653 | BO20: -3.76104 | BP20: 7.84373 | BS20: -0.802004 | BT20: 7.86322 | BW20: -1.41072 | BX20: 3.96714 | CA20: -3.8366 | CB20: -6.12017 | CE20: -1.16445 | CF20: 4.29322
... C462: 1.02947 | D462: 9.67231 | G462: 1.00424 | H462: 10.2346 | K462: -0.786488 | L462: 11.3089 | O462: 0.549979 | P462: 10.7383 | S462: -3.07913 | T462: 8.60405 | W462: -0.479169 | X462: 13.6506 | AA462: 1.39173 | AB462: 11.3623 | AE462: -4.35295 | AF462: 0.906029 | AI462: -0.784703 | AJ462: 10.5055 | AM462: 1.42639 | AN462: 8.02747 | AQ462: 1.89779 | AR462: 2.92988 | AU462: -0.891073 | AV462: 24.4022 | AY462: -3.84255 | AZ462: 5.54203 | BC462: -3.95703 | BD462: 5.42892 | BG462: -1.26022 | BH462: 38.0198 | BK462: -4.47668 | BL462: 3.99499 | BO462: 0.720066 | BP462: 12.8268 | BS462: -1.26022 | BT462: 38.0194 | BW462: -4.47668 | BX462: 3.98548 | CA462: 0.92957 | CB462: -9.34613 | CE462: -4.2338 | CF462: 33.8217
C463: 1.00278 | D463: 9.64471 | G463: 1.25789 | H463: 9.85345 | K463: -0.760008 | L463: 11.344 | O463: 0.60387 | P463: 10.5316 | W463: -0.554159 | X463: 13.2959 | AA463: 1.46117 | AB463: 11.0714 | AE463: -4.34425 | AF463: 0.998137 | AI463: -0.711384 | AJ463: 10.5139 | AM463: 1.27887 | AN463: 8.08094 | AQ463: 1.89651 | AR463: 2.94284 | AU463: -0.806103 | AV463: 23.4399 | AY463: -3.8341 | AZ463: 5.58021 | BC463: -3.97225 | BD463: 5.45524 | BG463: -1.35637 | BH463: 41.6211 | BK463: -4.50155 | BL463: 3.49041 | BO463: 0.554959 | BP463: 13.8931 | BS463: -1.35637 | BT463: 41.6081 | BW463: -4.50155 | BX463: 3.48247 | CA463: 1.10715 | CB463: -9.64147 | CE463: -4.24999 | CF463: 31.4312
C464: 0.981652 | D464: 9.64303 | G464: 1.37637 | H464: 9.70584 | K464: -0.668839 | L464: 11.1456 | O464: 0.777789 | P464: 10.5933 | W464: -0.694887 | X464: 13.3645 | AA464: 1.55916 | AB464: 10.845 | AE464: -4.33569 | AF464: 1.09315 | AI464: -0.695533 | AJ464: 10.5397 | AM464: 1.19225 | AN464: 8.36799 | AQ464: 1.8729 | AR464: 3.43864 | AU464: -0.725506 | AV464: 22.0495 | AY464: -3.74175 | AZ464: 5.95563 | BC464: -4.03392 | BD464: 6.23471 | BG464: -1.35807 | BH464: 41.6382 | BK464: -4.5676 | BL464: 1.70211 | BO464: 0.542353 | BP464: 13.9776 | BS464: -1.35807 | BT464: 41.6254 | BW464: -4.5676 | BX464: 1.6995 | CA464: 1.15188 | CB464: -9.7204 | CE464: -4.33027 | CF464: 14.7873
C465: 0.800833 | D465: 9.5697 | G465: 1.45169 | H465: 9.82899 | K465: -0.65863 | L465: 11.1154 | O465: 0.795447 | P465: 10.566 | W465: -0.746022 | X465: 13.2506 | AA465: 1.65084 | AB465: 10.5729 | AE465: -4.25185 | AF465: 2.14047 | AI465: -0.675134 | AJ465: 10.5077 | AM465: 1.09999 | AN465: 8.5074 | AQ465: 1.70169 | AR465: 7.71017 | AU465: -0.68063 | AV465: 22.1114 | AY465: -3.71038 | AZ465: 6.10267 | BC465: -4.08253 | BD465: 6.40152 | BG465: -1.45536 | BH465: 33.1323 | BK465: -4.57396 | BL465: 1.6758 | BO465: 0.502082 | BP465: 14.241 | BS465: -1.45536 | BT465: 33.1006 | BW465: -4.57396 | BX465: 1.67304 | CA465: 1.27652 | CB465: -9.4131 | CE465: -4.28499 | CF465: 2.41482
C466: 0.692683 | D466: 9.34984 | G466: 1.60778 | H466: 9.99185 | K466: -0.627407 | L466: 11.1199 | O466: 0.840548 | P466: 10.5005 | W466: -0.82056 | X466: 13.0831 | AA466: 1.72403 | AB466: 10.3462 | AE466: -4.1915 | AF466: 2.696 | AI466: -0.610332 | AJ466: 10.4528 | AM466: 1.04378 | AN466: 8.59806 | AQ466: 1.65964 | AR466: 7.61035 | AU466: -0.538464 | AV466: 21.4396 | AY466: -3.63421 | AZ466: 6.51711 | BC466: -4.13619 | BD466: 7.46184 | BG466: -1.49611 | BH466: 30.0438 | BK466: -4.58135 | BL466: 1.58737 | BO466: 0.380463 | BP466: 14.9392 | BS466: -1.49611 | BT466: 30.0035 | BW466: -4.58135 | BX466: 1.58481 | CA466: 1.34173 | CB466: -8.87243 | CE466: -4.27604 | CF466: 1.14725
C467: 0.576799 | D467: 9.25326 | G467: 1.63603 | H467: 10.0287 | K467: -0.552961 | L467: 11.1861 | O467: 0.991513 | P467: 10.2134 | W467: -0.898218 | X467: 13.3922 | AA467: 1.80183 | AB467: 10.0175 | AE467: -4.16311 | AF467: 3.01272 | AI467: -0.584602 | AJ467: 10.4085 | AM467: 0.919671 | AN467: 8.85103 | AQ467: 1.5379 | AR467: 7.65408 | AU467: -0.477856 | AV467: 21.1608 | AY467: -3.57031 | AZ467: 6.93027 | BC467: -4.20204 | BD467: 7.79329 | BG467: -1.52037 | BH467: 17.1499 | BK467: -4.63198 | BL467: 0.840613 | BO467: 0.356227 | BP467: 15.235 | BS467: -1.52037 | BT467: 17.1734 | BW467: -4.63198 | BX467: 0.838267 | CA467: 1.45705 | CB467: -7.25701 | CE467: -4.25455 | CF467: 1.37185
C468: 0.495662 | D468: 9.6653 | G468: 1.65269 | H468: 10.0089 | O468: 1.06081 | P468: 10.2648 | W468: -0.956106 | X468: 13.627 | AA468: 1.92757 | AB468: 4.17139 | AE468: -4.11162 | AF468: 3.58386 | AI468: -0.52698 | AJ468: 10.3903 | AM468: 0.886592 | AN468: 8.95311 | AQ468: 1.45976 | AR468: 7.71076 | AU468: -0.305743 | AV468: 19.764 | AY468: -3.53431 | AZ468: 7.20847 | BC468: -4.24273 | BD468: 7.91811 | BG468: -1.54371 | BH468: 5.29962 | BK468: -4.57768 | BL468: 2.33534 | BO468: 0.271509 | BP468: 16.1292 | BS468: -1.54371 | BT468: 5.35088 | BW468: -4.57768 | BX468: 2.34064 | CA468: 1.49659 | CB468: -6.79314 | CE468: -4.17408 | CF468: 4.26122
C469: 0.440087 | D469: 9.7755 | G469: 1.79773 | H469: 9.77101 | O469: 1.21513 | P469: 10.1969 | AA469: 1.93029 | AB469: 4.02218 | AE469: -4.08702 | AF469: 3.85696 | AI469: -0.470688 | AJ469: 10.6064 | AQ469: 1.42772 | AR469: 7.70018 | AU469: -0.250905 | AV469: 19.2684 | BC469: -4.30711 | BD469: 7.79105 | BG469: -1.51837 | BH469: 1.65901 | BO469: 0.230637 | BP469: 16.5157 | BS469: -1.51837 | BT469: 1.71871 | CA469: 1.5344 | CB469: -5.97933
C470: 0.342008 | D470: 9.92519 | G470: 1.92662 | H470: 4.77289 | AA470: 1.9301 | AB470: 3.43589 | AE470: -4.07398 | AF470: 3.95886 | AI470: -0.427285 | AJ470: 10.7475 | AQ470: 1.1815 | AR470: 8.0894 | AU470: -0.126542 | AV470: 18.2041 | BC470: -4.33418 | BD470: 8.5986 | BG470: -1.4892 | BH470: -4.01651 | BO470: 0.0929174 | BP470: 17.1632 | BS470: -1.4892 | BT470: -3.96113 | CA470: 1.63799 | CB470: -3.3024
C471: 0.249391 | D471: 9.89993 | G471: 1.95764 | H471: 3.76211 | AA471: 1.93007 | AB471: 3.33621 | AE471: -4.01085 | AF471: 4.70454 | AI471: -0.352987 | AJ471: 10.4552 | AU471: 0.0367035 | AV471: 17.7953 | BC471: -4.41564 | BD471: 9.81367 | BG471: -1.44478 | BH471: -2.10348 | BO471: 0.0626497 | BP471: 17.297 | BS471: -1.44478 | BT471: -2.07701 | CA471: 1.7703 | CB471: -0.834354
AA472: 1.92159 | AB472: 3.55761 | AE472: -3.96481 | AF472: 4.8597 | AU472: 0.0614817 | AV472: 17.6954 | BO472: 0.0596665 | BP472: 17.2995 | CA472: 1.79126 | CB472: -0.406836
AA473: 1.73582 | AB473: 8.52055 | AE473: -3.79846 | AF473: 5.70956 | AU473: 0.119336 | AV473: 17.5817 | BO473: 0.0546475 | BP473: 17.3676 | CA473: 1.78821 | CB473: 3.37101
AA474: 1.72581 | AB474: 8.49533 | AE474: -3.76772 | AF474: 5.72305 | AU474: 0.1996 | AV474: 17.298
AE475: -3.67025 | AF475: 6.10577 | AU475: 0.236904 | AV475: 17.1478
AE476: -3.66767 | AF476: 6.11797 | AU476: 0.378763 | AV476: 16.5547
AE477: -3.65891 | AF477: 6.19371

Sheet Cp(y=8m)
C3: X | D3: Y | G3: X | H3: Y | K3: X | L3: Y | O3: X | P3: Y | S3: X | T3: Y | W3: X | X3: Y | AA3: X | AB3: Y | AE3: X | AF3: Y | AI3: X | AJ3: Y | AM3: X | AN3: Y | AQ3: X | AR3: Y | AU3: X | AV3: Y | AY3: X | AZ3: Y | BC3: X | BD3: Y | BG3: X | BH3: Y | BK3: X | BL3: Y | BO3: X | BP3: Y | BS3: X | BT3: Y | BW3: X | BX3: Y | CA3: X | CB3: Y | CE3: X | CF3: Y
B4: alfa | F4: alfa | J4: alfa | N4: alfa | R4: alfa | V4: alfa | Z4: alfa | AD4: alfa | AH4: alfa | AL4: alfa | AP4: alfa | AT4: alfa | AX4: alfa | BB4: alfa | BF4: alfa | BJ4: alfa | BN4: alfa | BR4: alfa | BV4: alfa | BZ4: alfa | CD4: alfa
B5: -5 | F5: -4 | J5: -3 | N5: -2 | R5: -1 | V5: 0 | Z5: 1 | AD5: 2 | AH5: 3 | AL5: 4 | AP5: 5 | AT5: 6 | AX5: 7 | BB5: 8 | BF5: 9 | BJ5: 10 | BN5: 11 | BR5: 12 | BV5: 13 | BZ5: 14 | CD5: 15
C6: 0.538257 | D6: -0.483046 | G6: 0.917746 | H6: -0.370378 | K6: 1.34776 | L6: -0.340585 | O6: 0.614795 | P6: -0.261487 | S6: 0.563179 | T6: -0.184405 | W6: 0.934028 | X6: -0.165244 | AA6: 0.796031 | AB6: -0.552459 | AE6: 0.786514 | AF6: -0.0403069 | AI6: 0.0649832 | AJ6: 0.529234 | AM6: 0.124821 | AN6: -1.592 | AQ6: 0.823113 | AR6: -0.790497 | AU6: 1.18556 | AV6: 0.05988 | AY6: 1.53654 | AZ6: 0.101847 | BC6: 2.4515 | BD6: 0.202448 | BG6: 1.25348 | BH6: 0.122318 | BK6: 1.66962 | BL6: -0.518412 | BO6: 0.959855 | BP6: 0.207072 | BS6: 1.25348 | BT6: 0.122324 | BW6: 1.66962 | BX6: -0.518848 | CA6: 1.42298 | CB6: -0.683401 | CE6: 1.5537 | CF6: -0.770286
C7: 0.667715 | D7: -0.466591 | G7: 0.981059 | H7: -0.352033 | K7: 1.35278 | L7: -0.340883 | O7: 0.474133 | P7: -0.240566 | S7: 0.625591 | T7: -0.193261 | W7: 1.20261 | X7: -0.140815 | AA7: 0.686115 | AB7: -0.570514 | AE7: 0.644445 | AF7: -0.0167056 | AI7: 0.130705 | AJ7: 0.433493 | AM7: 0.0653731 | AN7: -1.47286 | AQ7: 0.684403 | AR7: -0.876733 | AU7: 0.922166 | AV7: 0.0951472 | AY7: 1.25738 | AZ7: 0.0889615 | BC7: 2.41947 | BD7: 0.236678 | BG7: 1.49678 | BH7: 0.114828 | BK7: 1.69939 | BL7: -0.502823 | BO7: 0.936113 | BP7: 0.214323 | BS7: 1.49678 | BT7: 0.114705 | BW7: 1.69939 | BX7: -0.503274 | CA7: 1.36869 | CB7: -0.700102 | CE7: 1.68084 | CF7: -0.719777
C8: 0.785148 | D8: -0.446298 | G8: 1.20666 | H8: -0.283715 | K8: 1.63428 | L8: -0.352609 | O8: 0.389955 | P8: -0.234475 | S8: 0.669486 | T8: -0.200427 | W8: 1.26453 | X8: -0.124617 | AA8: 0.611517 | AB8: -0.584867 | AE8: 0.539341 | AF8: 0.0144217 | AI8: 0.179927 | AJ8: 0.365467 | AM8: 0.0464945 | AN8: -1.07288 | AQ8: 0.613799 | AR8: -0.918666 | AU8: 0.91566 | AV8: 0.0960462 | AY8: 1.18144 | AZ8: 0.0839474 | BC8: 2.26276 | BD8: 0.264726 | BG8: 1.84385 | BH8: 0.183051 | BK8: 1.93167 | BL8: -0.384819 | BO8: 0.697739 | BP8: 0.310191 | BS8: 1.84385 | BT8: 0.182995 | BW8: 1.93167 | BX8: -0.385413 | CA8: 1.36119 | CB8: -0.702683 | CE8: 1.78678 | CF8: -0.671656
C9: 0.871607 | D9: -0.424358 | G9: 1.31933 | H9: -0.23696 | K9: 1.68865 | L9: -0.348096 | O9: 0.310761 | P9: -0.233793 | S9: 0.932783 | T9: -0.218532 | W9: 1.45595 | X9: -0.076021 | AA9: 0.462024 | AB9: -0.641163 | AE9: 0.484679 | AF9: 0.034386 | AI9: 0.22616 | AJ9: 0.290433 | AM9: 0.00573668 | AN9: -0.191874 | AQ9: 0.510361 | AR9: -0.986422 | AU9: 0.913874 | AV9: 0.0967153 | AY9: 0.931224 | AZ9: 0.123055 | BC9: 2.17168 | BD9: 0.283735 | BG9: 1.85765 | BH9: 0.185825 | BK9: 1.98301 | BL9: -0.36118 | BO9: 0.682382 | BP9: 0.317255 | BS9: 1.85765 | BT9: 0.185774 | BW9: 1.98301 | BX9: -0.361822 | CA9: 1.10578 | CB9: -0.813624 | CE9: 1.84879 | CF9: -0.659345
C10: 1.02153 | D10: -0.382058 | G10: 1.55585 | H10: -0.146313 | K10: 1.93304 | L10: -0.315322 | O10: 0.252222 | P10: -0.24093 | S10: 0.934094 | T10: -0.218629 | W10: 1.63062 | X10: -0.0107646 | AA10: 0.434677 | AB10: -0.651612 | AE10: 0.400963 | AF10: 0.0804533 | AI10: 0.30652 | AJ10: 0.21619 | AM10: 0.0544771 | AN10: 0.534933 | AQ10: 0.470076 | AR10: -1.0143 | AU10: 0.680338 | AV10: 0.167893 | AY10: 0.879838 | AZ10: 0.131289 | BC10: 2.15257 | BD10: 0.279258 | BG10: 1.86553 | BH10: 0.188345 | BK10: 2.16289 | BL10: -0.283094 | BO10: 0.485348 | BP10: 0.443919 | BS10: 1.86553 | BT10: 0.188298 | BW10: 2.16289 | BX10: -0.283953 | CA10: 1.05957 | CB10: -0.840828 | CE10: 2.13004 | CF10: -0.546226
C11: 1.20676 | D11: -0.319659 | G11: 1.82068 | H11: -0.00239176 | K11: 1.99912 | L11: -0.294815 | O11: 0.189903 | P11: -0.246767 | S11: 0.941161 | T11: -0.217693 | W11: 1.67668 | X11: 0.00681504 | AA11: 0.366794 | AB11: -0.724189 | AE11: 0.307244 | AF11: 0.141557 | AI11: 0.33084 | AJ11: 0.194049 | AM11: 0.0580054 | AN11: 0.587167 | AQ11: 0.453366 | AR11: -1.04924 | AU11: 0.66978 | AV11: 0.173988 | AY11: 0.871775 | AZ11: 0.134705 | BC11: 1.8843 | BD11: 0.198738 | BG11: 2.042 | BH11: 0.24753 | BK11: 2.23555 | BL11: -0.253497 | BO11: 0.449898 | BP11: 0.465108 | BS11: 2.042 | BT11: 0.247532 | BW11: 2.23555 | BX11: -0.254547 | CA11: 0.87324 | CB11: -0.957403 | CE11: 2.13023 | CF11: -0.546147
C12: 1.32826 | D12: -0.260044 | G12: 1.88365 | H12: 0.0328903 | K12: 2.214 | L12: -0.214894 | O12: 0.132341 | P12: -0.260394 | S12: 1.20417 | T12: -0.183273 | W12: 1.80819 | X12: 0.0684462 | AA12: 0.283584 | AB12: -0.829266 | AE12: 0.257455 | AF12: 0.180294 | AI12: 0.390049 | AJ12: 0.159138 | AM12: 0.0603657 | AN12: 0.583897 | AQ12: 0.367571 | AR12: -1.13999 | AU12: 0.480871 | AV12: 0.265011 | AY12: 0.64132 | AZ12: 0.21869 | BC12: 1.86474 | BD12: 0.192968 | BG12: 2.13425 | BH12: 0.257192 | BK12: 2.3822 | BL12: -0.194918 | BO12: 0.381454 | BP12: 0.516411 | BS12: 2.13425 | BT12: 0.257214 | BW12: 2.3822 | BX12: -0.196215 | CA12: 0.810207 | CB12: -1.01496 | CE12: 2.13027 | CF12: -0.546125
C13: 1.55516 | D13: -0.161329 | G13: 2.02783 | H13: 0.121337 | K13: 2.26266 | L13: -0.188479 | O13: 0.0643878 | P13: -0.00572387 | S13: 1.26366 | T13: -0.166445 | W13: 1.88597 | X13: 0.104535 | AA13: 0.248282 | AB13: -0.866594 | AE13: 0.202351 | AF13: 0.253684 | AI13: 0.471717 | AJ13: 0.111101 | AM13: 0.130258 | AN13: 0.504083 | AQ13: 0.337349 | AR13: -1.17769 | AU13: 0.470146 | AV13: 0.271615 | AY13: 0.592625 | AZ13: 0.245377 | BC13: 1.86308 | BD13: 0.192479 | BG13: 2.21593 | BH13: 0.265787 | BK13: 2.51299 | BL13: -0.144606 | BO13: 0.312418 | BP13: 0.568415 | BS13: 2.21593 | BT13: 0.265805 | BW13: 2.51299 | BX13: -0.146297 | CA13: 0.673813 | CB13: -1.1284 | CE13: 2.1305 | CF13: -0.546019
C14: 1.81921 | D14: -0.00142387 | G14: 2.13903 | H14: 0.187883 | K14: 2.48445 | L14: -0.0634042 | O14: 0.0575914 | P14: 0.0193284 | S14: 1.45748 | T14: -0.105963 | W14: 1.91216 | X14: 0.116956 | AA14: 0.141761 | AB14: -0.965303 | AE14: 0.131112 | AF14: 0.321572 | AI14: 0.517079 | AJ14: 0.0948152 | AM14: 0.18617 | AN14: 0.44047 | AQ14: 0.330961 | AR14: -1.18794 | AU14: 0.402847 | AV14: 0.320909 | AY14: 0.464749 | AZ14: 0.318351 | BC14: 1.85966 | BD14: 0.191675 | BG14: 2.3701 | BH14: 0.207157 | BK14: 2.62069 | BL14: -0.103992 | BO14: 0.280608 | BP14: 0.603276 | BS14: 2.3701 | BT14: 0.206748 | BW14: 2.62069 | BX14: -0.104509 | CA14: 0.579323 | CB14: -1.26599 | CE14: 2.38149 | CF14: -0.431353
C15: 1.88164 | D15: 0.0349488 | G15: 2.17522 | H15: 0.193584 | K15: 2.56224 | L15: 0.00646293 | O15: 0.0540316 | P15: 0.0468577 | S15: 1.6217 | T15: -0.0390032 | W15: 2.11046 | X15: 0.20879 | AA15: 0.118787 | AB15: -0.826513 | AE15: 0.0663701 | AF15: 0.476637 | AI15: 0.646513 | AJ15: 0.0439622 | AM15: 0.246793 | AN15: 0.347593 | AQ15: 0.284367 | AR15: -1.31024 | AU15: 0.341993 | AV15: 0.365313 | AY15: 0.381136 | AZ15: 0.382375 | BC15: 1.53218 | BD15: 0.113565 | BG15: 2.45198 | BH15: 0.173389 | BK15: 2.61909 | BL15: -0.0239893 | BO15: 0.212921 | BP15: 0.670411 | BS15: 2.45198 | BT15: 0.172824 | BW15: 2.61909 | BX15: -0.0232455 | CA15: 0.495552 | CB15: -1.39984 | CE15: 2.42117 | CF15: -0.413339
C16: 1.96104 | D16: 0.0868565 | G16: 2.17522 | H16: 0.193584 | K16: 2.58547 | L16: 0.0293754 | O16: -0.000193642 | P16: 0.455505 | S16: 1.67821 | T16: -0.0178661 | W16: 2.20429 | X16: 0.229337 | AA16: 0.0591671 | AB16: -0.554658 | AE16: 0.0579381 | AF16: 0.497736 | AI16: 0.783896 | AJ16: 0.00557804 | AM16: 0.303228 | AN16: 0.289826 | AQ16: 0.2335 | AR16: -1.45211 | AU16: 0.311722 | AV16: 0.396236 | AY16: 0.323805 | AZ16: 0.421422 | BC16: 1.26275 | BD16: 0.112655 | BG16: 2.49102 | BH16: 0.13212 | BK16: 2.61909 | BL16: -0.0239893 | BO16: 0.167575 | BP16: 0.711828 | BS16: 2.49102 | BT16: 0.13126 | BW16: 2.61909 | BX16: -0.0232455 | CA16: 0.415771 | CB16: -1.5944 | CE16: 2.55903 | CF16: -0.335894
C17: 2.0812 | D17: 0.157367 | G17: 2.42451 | H17: 0.213984 | K17: 1.34776 | L17: -0.340585 | O17: 0.0365514 | P17: 0.17854 | S17: 1.85727 | T17: 0.0748756 | W17: 2.36192 | X17: 0.250575 | AA17: 0.041255 | AB17: -0.283091 | AE17: 0.0473754 | AF17: 0.446942 | AI17: 0.885917 | AJ17: -0.0225856 | AM17: 0.374515 | AN17: 0.230826 | AQ17: 0.225889 | AR17: -1.49079 | AU17: 0.236834 | AV17: 0.473635 | AY17: 0.225294 | AZ17: 0.513312 | BC17: 1.17697 | BD17: 0.111284 | BG17: 2.50999 | BH17: 0.107532 | BK17: 2.61817 | BL17: 0.020503 | BO17: 0.126028 | BP17: 0.748446 | BS17: 2.50999 | BT17: 0.107264 | BW17: 2.61817 | BX17: 0.0217037 | CA17: 0.312238 | CB17: -1.86814 | CE17: 2.57026 | CF17: -0.328414
... C27: 2.53717 | D27: -0.0132414 | G27: 1.92314 | H27: -0.286114 | K27: 0.453113 | L27: -0.263318 | O27: 0.448708 | P27: -0.358771 | S27: 2.66102 | T27: 0.147853 | W27: 2.05107 | X27: -0.32528 | AA27: 0.492676 | AB27: -0.0389159 | AE27: 0.343158 | AF27: -0.871595 | AI27: 2.10061 | AJ27: 0.236172 | AM27: 0.421954 | AN27: -0.976356 | AQ27: 0.147036 | AR27: 0.538008 | AU27: 0.154109 | AV27: -2.10298 | AY27: 0.148484 | AZ27: -2.36243 | BC27: 0.332167 | BD27: 0.468586 | BG27: 1.71303 | BH27: -0.50889 | BK27: 1.52129 | BL27: 0.127475 | BO27: 0.288324 | BP27: -1.97814 | BS27: 1.71303 | BT27: -0.50935 | BW27: 1.52129 | BX27: 0.127578 | CA27: 0.0572843 | CB27: 0.500697 | CE27: 1.77306 | CF27: 0.140736
C28: 2.48613 | D28: -0.0583488 | G28: 1.86532 | H28: -0.303663 | K28: 0.445947 | L28: -0.262544 | O28: 0.461089 | P28: -0.358604 | S28: 2.66112 | T28: 0.0768459 | W28: 1.92027 | X28: -0.378912 | AA28: 0.496775 | AB28: -0.0401615 | AI28: 2.23805 | AJ28: 0.263919 | AM28: 0.458666 | AN28: -0.925818 | AQ28: 0.242582 | AR28: 0.407572 | AU28: 0.248953 | AV28: -1.70868 | AY28: 0.156441 | AZ28: -2.36197 | BC28: 0.221769 | BD28: 0.572632 | BG28: 1.66979 | BH28: -0.527963 | BK28: 1.25985 | BL28: 0.13686 | BO28: 0.300529 | BP28: -1.93859 | BS28: 1.66979 | BT28: -0.528449 | BW28: 1.25985 | BX28: 0.136934 | CA28: 0.091544 | CB28: 0.62832 | CE28: 1.4729 | CF28: 0.110683
C29: 2.295 | D29: -0.161713 | G29: 1.80718 | H29: -0.309331 | K29: 0.337752 | L29: -0.255692 | O29: 0.556157 | P29: -0.362197 | S29: 2.66112 | T29: 0.072478 | W29: 1.72966 | X29: -0.423137 | AA29: 0.630169 | AB29: -0.0722857 | AE29: 0.786514 | AF29: -0.0403069 | AI29: 2.30294 | AJ29: 0.269845 | AM29: 0.462074 | AN29: -0.923455 | AQ29: 0.330374 | AR29: 0.319178 | AU29: 0.306353 | AV29: -1.4905 | AY29: 0.241124 | AZ29: -1.91328 | BC29: 0.21029 | BD29: 0.591424 | BG29: 1.38862 | BH29: -0.646203 | BK29: 1.16695 | BL29: 0.140297 | BO29: 0.380801 | BP29: -1.6512 | BS29: 1.38862 | BT29: -0.646693 | BW29: 1.16695 | BX29: 0.140362 | CA29: 0.123634 | CB29: 0.735034 | CE29: 1.27665 | CF29: 0.138319
C30: 2.25491 | D30: -0.179145 | G30: 1.54042 | H30: -0.313268 | K30: 0.308512 | L30: -0.250305 | O30: 0.584032 | P30: -0.3634 | S30: 2.65057 | T30: 0.0652119 | W30: 1.64207 | X30: -0.441748 | AA30: 0.86126 | AB30: -0.107135 | AE30: 1.01897 | AF30: -0.0721507 | AI30: 2.4144 | AJ30: 0.241466 | AM30: 0.6117 | AN30: -0.841382 | AQ30: 0.36627 | AR30: 0.290741 | AU30: 0.43811 | AV30: -1.19657 | AY30: 0.323553 | AZ30: -1.52631 | BC30: 0.13483 | BD30: 0.692867 | BG30: 1.37757 | BH30: -0.650569 | BK30: 1.07751 | BL30: 0.159971 | BO30: 0.428592 | BP30: -1.52867 | BS30: 1.37757 | BT30: -0.651049 | BW30: 1.07751 | BX30: 0.160032 | CA30: 0.150003 | CB30: 0.724603 | CE30: 1.13572 | CF30: 0.154407
C31: 2.1029 | D31: -0.228056 | G31: 1.32856 | H31: -0.299196 | K31: 0.226536 | L31: -0.238443 | O31: 0.588007 | P31: -0.363368 | S31: 2.44202 | T31: -0.111637 | W31: 1.3727 | X31: -0.453281 | AA31: 0.88959 | AB31: -0.110744 | AE31: 1.19838 | AF31: -0.0730145 | AI31: 2.48958 | AJ31: 0.224623 | AM31: 0.691287 | AN31: -0.802241 | AQ31: 0.490071 | AR31: 0.205083 | AU31: 0.448068 | AV31: -1.17501 | AY31: 0.366135 | AZ31: -1.41017 | BC31: 0.12883 | BD31: 0.700985 | BG31: 1.31789 | BH31: -0.677814 | BK31: 0.920721 | BL31: 0.197154 | BO31: 0.53011 | BP31: -1.32773 | BS31: 1.31789 | BT31: -0.678258 | BW31: 0.920721 | BX31: 0.197202 | CA31: 0.230141 | CB31: 0.682625 | CE31: 0.882306 | CF31: 0.234575
C32: 1.96584 | D32: -0.261309 | G32: 1.30119 | H32: -0.298309 | K32: 0.210693 | L32: -0.239968 | O32: 0.720063 | P32: -0.362167 | S32: 2.34325 | T32: -0.169196 | W32: 1.3559 | X32: -0.453975 | AA32: 0.907689 | AB32: -0.110606 | AE32: 1.34224 | AF32: -0.0374749 | AI32: 2.62084 | AJ32: 0.162936 | AM32: 0.826537 | AN32: -0.730035 | AQ32: 0.508909 | AR32: 0.1961 | AU32: 0.454013 | AV32: -1.16926 | AY32: 0.463178 | AZ32: -1.19053 | BC32: 0.128075 | BD32: 0.702065 | BG32: 1.10658 | BH32: -0.776174 | BK32: 0.782747 | BL32: 0.253673 | BO32: 0.580365 | BP32: -1.2394 | BS32: 1.10658 | BT32: -0.776488 | BW32: 0.782747 | BX32: 0.253713 | CA32: 0.300935 | CB32: 0.618999 | CE32: 0.872986 | CF32: 0.237474
C33: 1.87201 | D33: -0.283427 | G33: 1.21215 | H33: -0.287176 | K33: 0.146295 | L33: -0.202993 | O33: 0.783382 | P33: -0.362815 | S33: 2.18631 | T33: -0.265413 | W33: 1.23531 | X33: -0.460961 | AA33: 1.20068 | AB33: -0.107819 | AE33: 1.56415 | AF33: 0.0134103 | AI33: 2.65674 | AJ33: 0.147917 | AM33: 1.00607 | AN33: -0.680821 | AQ33: 0.628307 | AR33: 0.144469 | AU33: 0.617747 | AV33: -0.975128 | AY33: 0.555188 | AZ33: -1.09309 | BC33: 0.123953 | BD33: 0.698416 | BG33: 1.06252 | BH33: -0.801867 | BK33: 0.734524 | BL33: 0.272205 | BO33: 0.66647 | BP33: -1.15593 | BS33: 1.06252 | BT33: -0.802172 | BW33: 0.734524 | BX33: 0.272243 | CA33: 0.34898 | CB33: 0.577743 | CE33: 0.870116 | CF33: 0.239016
C34: 1.65236 | D34: -0.295415 | G34: 1.0694 | H34: -0.270529 | K34: 0.131101 | L34: -0.193823 | O34: 1.05179 | P34: -0.367227 | S34: 2.02121 | T34: -0.33489 | W34: 1.08682 | X34: -0.469255 | AA34: 1.26356 | AB34: -0.093839 | AE34: 1.85687 | AF34: 0.117699 | AI34: 2.65758 | AJ34: 0.0842054 | AM34: 1.06564 | AN34: -0.662596 | AQ34: 0.857625 | AR34: 0.0718768 | AU34: 0.705948 | AV34: -0.921744 | AY34: 0.632529 | AZ34: -1.0166 | BC34: 0.0579288 | BD34: 0.632684 | BG34: 0.855791 | BH34: -0.937969 | BK34: 0.668439 | BL34: 0.305371 | BO34: 0.816658 | BP34: -1.00594 | BS34: 0.855791 | BT34: -0.938209 | BW34: 0.668439 | BX34: 0.305407 | CA34: 0.451069 | CB34: 0.48995 | CE34: 0.645405 | CF34: 0.34418
C35: 1.62493 | D35: -0.296061 | G35: 1.04904 | H35: -0.267621 | K35: 0.127127 | L35: -0.174693 | O35: 1.06737 | P35: -0.367155 | S35: 1.91071 | T35: -0.377045 | W35: 1.07419 | X35: -0.470227 | AA35: 1.45441 | AB35: -0.0509411 | AE35: 1.88369 | AF35: 0.127804 | AI35: 2.65773 | AJ35: 0.0758934 | AM35: 1.09895 | AN35: -0.651463 | AQ35: 0.871094 | AR35: 0.0677335 | AU35: 0.828507 | AV35: -0.838405 | AY35: 0.741747 | AZ35: -0.945802 | BC35: 0.0441848 | BD35: 0.148335 | BG35: 0.757923 | BH35: -1.02179 | BK35: 0.551185 | BL35: 0.367785 | BO35: 0.851055 | BP35: -0.969693 | BS35: 0.757923 | BT35: -1.022 | BW35: 0.551185 | BX35: 0.367817 | CA35: 0.516966 | CB35: 0.445781 | CE35: 0.632281 | CF35: 0.353198
C36: 1.3548 | D36: -0.269644 | G36: 1.0162 | H36: -0.265297 | K36: 0.0506432 | L36: 0.225207 | O36: 1.07877 | P36: -0.367876 | S36: 1.6857 | T36: -0.407226 | W36: 1.04353 | X36: -0.472369 | AA36: 1.62416 | AB36: 0.0128444 | AE36: 1.9137 | AF36: 0.140962 | AI36: 2.59954 | AJ36: 0.006651 | AM36: 1.27017 | AN36: -0.616178 | AQ36: 0.878874 | AR36: 0.0668873 | AU36: 1.01515 | AV36: -0.76525 | AY36: 0.852777 | AZ36: -0.872398 | BC36: 0.00965935 | BD36: -1.02401 | BG36: 0.630889 | BH36: -1.1261 | BK36: 0.500899 | BL36: 0.400455 | BO36: 0.868822 | BP36: -0.954167 | BS36: 0.630889 | BT36: -1.12624 | BW36: 0.500899 | BX36: 0.400485 | CA36: 0.618147 | CB36: 0.373822 | CE36: 0.453818 | CF36: 0.475721
C37: 1.337 | D37: -0.268178 | G37: 0.77809 | H37: -0.241818 | K37: 0.0366606 | L37: 0.27841 | O37: 1.21125 | P37: -0.373104 | S37: 1.62801 | T37: -0.412355 | W37: 0.819088 | X37: -0.490612 | AA37: 1.67594 | AB37: 0.0298494 | AE37: 2.10033 | AF37: 0.235244 | AI37: 2.56552 | AJ37: -0.029257 | AM37: 1.42093 | AN37: -0.583165 | AQ37: 1.18931 | AR37: 0.0327767 | AU37: 1.06926 | AV37: -0.742632 | AY37: 1.0431 | AZ37: -0.771548 | BC37: 0.0528519 | BD37: -2.1297 | BG37: 0.588959 | BH37: -1.18025 | BK37: 0.397371 | BL37: 0.468087 | BO37: 1.05862 | BP37: -0.818312 | BS37: 0.588959 | BT37: -1.18039 | BW37: 0.397371 | BX37: 0.468117 | CA37: 0.841714 | CB37: 0.265199 | CE37: 0.4461 | CF37: 0.482694
C38: 1.17421 | D38: -0.239752 | G38: 0.694769 | H38: -0.227448 | K38: -0.00118343 | L38: 0.372661 | O38: 1.35211 | P38: -0.378846 | S38: 1.37968 | T38: -0.416377 | W38: 0.694288 | X38: -0.49734 | AA38: 1.83418 | AB38: 0.0949518 | AE38: 2.24511 | AF38: 0.267812 | AI38: 2.52844 | AJ38: -0.069275 | AM38: 1.46253 | AN38: -0.573769 | AQ38: 1.25258 | AR38: 0.0352846 | AU38: 1.10301 | AV38: -0.728471 | AY38: 1.10454 | AZ38: -0.742937 | BC38: 0.0733662 | BD38: -2.65281 | BG38: 0.478376 | BH38: -1.33422 | BK38: 0.363041 | BL38: 0.501983 | BO38: 1.10727 | BP38: -0.785778 | BS38: 0.478376 | BT38: -1.33441 | BW38: 0.363041 | BX38: 0.502014 | CA38: 0.843659 | CB38: 0.264305 | CE38: 0.406022 | CF38: 0.515408
C39: 1.06423 | D39: -0.220555 | G39: 0.587123 | H39: -0.211321 | K39: 0.0525174 | L39: -0.130949 | O39: 1.36751 | P39: -0.378961 | S39: 1.35584 | T39: -0.417337 | W39: 0.625998 | X39: -0.50171 | AA39: 1.88512 | AB39: 0.115481 | AE39: 2.30217 | AF39: 0.273962 | AI39: 2.37739 | AJ39: -0.174507 | AM39: 1.67298 | AN39: -0.53437 | AQ39: 1.42657 | AR39: 0.0413092 | AU39: 1.3289 | AV39: -0.657496 | AY39: 1.27281 | AZ39: -0.681343 | BC39: 0.156018 | BD39: -2.40388 | BG39: 0.431 | BH39: -1.45795 | BK39: 0.274473 | BL39: 0.587502 | BO39: 1.10727 | BP39: -0.785778 | BS39: 0.431 | BT39: -1.45818 | BW39: 0.274473 | BX39: 0.587537 | CA39: 0.84466 | CB39: 0.263835 | CE39: 0.326938 | CF39: 0.581682
C40: 1.05518 | D40: -0.219382 | G40: 0.532883 | H40: -0.202415 | K40: 0.0574608 | L40: -0.174951 | O40: 1.58578 | P40: -0.378891 | S40: 1.15493 | T40: -0.417459 | W40: 0.548829 | X40: -0.51871 | AA40: 1.90375 | AB40: 0.123528 | AE40: 2.40585 | AF40: 0.246651 | AI40: 2.26542 | AJ40: -0.252842 | AM40: 1.77588 | AN40: -0.514983 | AQ40: 1.61366 | AR40: 0.0801256 | AU40: 1.37957 | AV40: -0.641213 | AY40: 1.35687 | AZ40: -0.651717 | BC40: 0.158725 | BD40: -2.39582 | BG40: 0.314954 | BH40: -1.77597 | BK40: 0.210156 | BL40: 0.642609 | BO40: 1.35835 | BP40: -0.65498 | BS40: 0.314954 | BT40: -1.77632 | BW40: 0.210156 | BX40: 0.642645 | CA40: 0.851807 | CB40: 0.261415 | CE40: 0.272618 | CF40: 0.637391
... C63: 0.405071 | D63: -0.514151 | G63: 0.733121 | H63: -0.398276 | K63: 2.49702 | L63: 0.20829 | O63: 1.88335 | P63: 0.0752567 | S63: 0.0577247 | T63: 0.182402 | W63: 0.915497 | X63: -0.163998 | AA63: 1.09035 | AB63: -0.516963 | AE63: 0.607426 | AF63: -0.670455 | AI63: 0.22935 | AJ63: -1.18614 | AM63: 1.6681 | AN63: 0.0839896 | AQ63: 1.73298 | AR63: -0.523168 | AU63: 1.84683 | AV63: 0.173176 | AY63: 1.85138 | AZ63: -0.464125 | BC63: 2.54404 | BD63: -0.0812881 | BG63: 0.927678 | BH63: 0.176364 | BK63: 1.29236 | BL63: -0.694821 | BO63: 1.85106 | BP63: 0.178549 | BS63: 0.927678 | BT63: 0.176248 | BW63: 1.29236 | BX63: -0.695107 | CA63: 1.65403 | CB63: -0.611153 | CE63: 1.10461 | CF63: -0.904308
C64: 0.493754 | D64: -0.487383 | G64: 0.917746 | H64: -0.370378 | K64: 2.58277 | L64: 0.169668 | O64: 1.67936 | P64: -0.0346187 | S64: 0.132094 | T64: -0.0838878 | W64: 0.932335 | X64: -0.16539 | AA64: 1.07699 | AB64: -0.519155 | AE64: 0.473378 | AF64: -0.735955 | AI64: 0.228161 | AJ64: -1.18904 | AM64: 1.63032 | AN64: 0.0739785 | AQ64: 1.6362 | AR64: -0.553688 | AU64: 1.52863 | AV64: 0.086788 | BC64: 2.62883 | BD64: -0.0451528 | BG64: 0.943775 | BH64: 0.172906 | BK64: 1.37454 | BL64: -0.650948 | BO64: 1.8451 | BP64: 0.177261 | BS64: 0.943775 | BT64: 0.172796 | BW64: 1.37454 | BX64: -0.651253 | CA64: 1.63018 | CB64: -0.61991 | CE64: 1.27078 | CF64: -0.871165
K65: 2.65829 | L65: 0.155003 | O65: 1.61224 | P65: -0.0631157 | S65: 0.182186 | T65: -0.100892 | AA65: 1.03932 | AB65: -0.524029 | AE65: 0.45189 | AF65: -0.746163 | AI65: 0.227983 | AJ65: -1.18967 | AM65: 1.4463 | AN65: 0.0267293 | AQ65: 1.38788 | AR65: -0.619627 | AU65: 1.34719 | AV65: 0.0735318 | BC65: 2.6353 | BD65: -0.0422028 | BG65: 1.17214 | BH65: 0.123338 | BK65: 1.38507 | BL65: -0.646428 | BO65: 1.83314 | BP65: 0.175451 | BS65: 1.17214 | BT65: 0.123377 | BW65: 1.38507 | BX65: -0.646737 | CE65: 1.34321 | CF65: -0.855793
K66: 2.65806 | L66: 0.122561 | O66: 1.45869 | P66: -0.136859 | S66: 0.247952 | T66: -0.113345 | AE66: 0.343158 | AF66: -0.871595 | AI66: 0.146835 | AJ66: -1.44405 | AM66: 1.27135 | AN66: 0.00279484 | AQ66: 1.37829 | AR66: -0.622078 | AU66: 1.18556 | AV66: 0.05988 | BC66: 2.63527 | BD66: -0.0413001 | BK66: 1.66962 | BL66: -0.518412 | BO66: 1.51433 | BP66: 0.132357 | BW66: 1.66962 | BX66: -0.518848 | CE66: 1.36078 | CF66: -0.848749
K67: 2.65795 | L67: 0.11051 | O67: 1.25348 | P67: -0.210809 | S67: 0.310379 | T67: -0.132501 | AI67: 0.127976 | AJ67: -1.37805 | AM67: 1.1927 | AN67: -0.0079928 | AQ67: 1.37274 | AR67: -0.62348 | BC67: 2.63321 | BD67: 0.0159109 | BO67: 1.32272 | BP67: 0.142918
K68: 2.58547 | L68: 0.0293754 | O68: 1.20537 | P68: -0.226184 | S68: 0.373646 | T68: -0.146873 | AI68: 0.0633229 | AJ68: -1.19616 | AM68: 0.93402 | AN68: 0.0174132 | AQ68: 1.10115 | AR68: -0.694322 | BO68: 1.16141 | BP68: 0.151059
O69: 0.971373 | P69: -0.255852 | S69: 0.457546 | T69: -0.166308 | AI69: 0.0464618 | AJ69: -0.862179 | AM69: 0.922894 | AN69: 0.0183022 | AQ69: 1.06253 | AR69: -0.70807 | BO69: 0.959855 | BP69: 0.207072
O70: 0.934988 | P70: -0.260564 | AI70: 0.00475095 | AJ70: -0.027261 | AM70: 0.865824 | AN70: 0.0342514 | AQ70: 0.999562 | AR70: -0.7319
O71: 0.929284 | P71: -0.260586 | AI71: 0.0489828 | AJ71: 0.443745 | AM71: 0.658436 | AN71: 0.0923826 | AQ71: 0.823113 | AR71: -0.790497
O72: 0.668206 | P72: -0.269515 | AI72: 0.0579807 | AJ72: 0.540018 | AM72: 0.623962 | AN72: 0.106611
O73: 0.648853 | P73: -0.267039 | AB73: 0.887723 | AC73: -0.0629272
O74: 0.614795 | P74: -0.261487

Sheet Esf_X_(y=8m)
C3: X | D3: Y | G3: X | H3: Y | K3: X | L3: Y | O3: X | P3: Y | S3: X | T3: Y | W3: X | X3: Y | AA3: X | AB3: Y | AE3: X | AF3: Y | AI3: X | AJ3: Y | AM3: X | AN3: Y | AQ3: X | AR3: Y | AU3: X | AV3: Y | AY3: X | AZ3: Y | BC3: X | BD3: Y | BG3: X | BH3: Y | BK3: X | BL3: Y | BO3: X | BP3: Y | BS3: X | BT3: Y | BW3: X | BX3: Y | CA3: X | CB3: Y | CE3: X | CF3: Y
B4: alfa | F4: alfa | J4: alfa | N4: alfa | R4: alfa | V4: alfa | Z4: alfa | AD4: alfa | AH4: alfa | AL4: alfa | AP4: alfa | AT4: alfa | AX4: alfa | BB4: alfa | BF4: alfa | BJ4: alfa | BN4: alfa | BR4: alfa | BV4: alfa | BZ4: alfa | CD4: alfa
B5: -5 | F5: -4 | J5: -3 | N5: -2 | R5: -1 | V5: 0 | Z5: 1 | AD5: 2 | AH5: 3 | AL5: 4 | AP5: 5 | AT5: 6 | AX5: 7 | BB5: 8 | BF5: 9 | BJ5: 10 | BN5: 11 | BR5: 12 | BV5: 13 | BZ5: 14 | CD5: 15
B6: a | C6: 0.538257 | D6: 5.9952 | G6: 0.917746 | H6: 5.98277 | K6: 1.34776 | L6: 6.07152 | O6: 0.614795 | P6: 5.26907 | S6: 0.563179 | T6: 4.4776 | W6: 0.934028 | X6: 4.51508 | AA6: 0.796031 | AB6: 7.18781 | AE6: 0.786514 | AF6: 4.77039 | AI6: 0.0649832 | AJ6: 1.11954 | AM6: 0.124821 | AN6: 6.92367 | AQ6: 0.823113 | AR6: 8.31425 | AU6: 1.18556 | AV6: 4.16765 | AY6: 1.53654 | AZ6: 5.77678 | BC6: 2.4515 | BD6: 5.56134 | BG6: 1.25348 | BH6: 4.64876 | BK6: 1.66962 | BL6: 12.2195 | BO6: 0.959855 | BP6: 3.10243 | BS6: 1.25348 | BT6: 4.62421 | BW6: 1.66962 | BX6: 12.2211 | CA6: 1.42298 | CB6: 8.72081 | CE6: 1.5537 | CF6: 2.95833
B7: b | C7: 0.667715 | D7: 6.49041 | G7: 0.981059 | H7: 5.94525 | K7: 1.35278 | L7: 6.07804 | O7: 0.474133 | P7: 5.19819 | S7: 0.625591 | T7: 4.66703 | W7: 1.20261 | X7: 4.72074 | AA7: 0.686115 | AB7: 7.13738 | AE7: 0.644445 | AF7: 4.56174 | AI7: 0.130705 | AJ7: 1.58213 | AM7: 0.0653731 | AN7: 6.98066 | AQ7: 0.684403 | AR7: 8.38153 | AU7: 0.922166 | AV7: 3.57616 | AY7: 1.25738 | AZ7: 6.02296 | BC7: 2.41947 | BD7: 6.06824 | BG7: 1.49678 | BH7: 4.91341 | BK7: 1.69939 | BL7: 11.9756 | BO7: 0.936113 | BP7: 3.04925 | BS7: 1.49678 | BT7: 4.81656 | BW7: 1.69939 | BX7: 11.9776 | CA7: 1.36869 | CB7: 9.00054 | CE7: 1.68084 | CF7: 3.36282
C8: 0.785148 | D8: 6.50678 | G8: 1.20666 | H8: 6.09389 | K8: 1.63428 | L8: 6.77139 | O8: 0.389955 | P8: 5.21209 | S8: 0.669486 | T8: 4.79638 | W8: 1.26453 | X8: 4.75977 | AA8: 0.611517 | AB8: 7.04987 | AE8: 0.539341 | AF8: 4.30805 | AI8: 0.179927 | AJ8: 1.76214 | AM8: 0.0464945 | AN8: 6.07016 | AQ8: 0.613799 | AR8: 8.31866 | AU8: 0.91566 | AV8: 3.56455 | AY8: 1.18144 | AZ8: 6.05326 | BC8: 2.26276 | BD8: 5.78235 | BG8: 1.84385 | BH8: 5.00899 | BK8: 1.93167 | BL8: 10.153 | BO8: 0.697739 | BP8: 2.59091 | BS8: 1.84385 | BT8: 4.84797 | BW8: 1.93167 | BX8: 10.1556 | CA8: 1.36119 | CB8: 9.02853 | CE8: 1.78678 | CF8: 4.42418
C9: 0.871607 | D9: 6.58272 | G9: 1.31933 | H9: 6.15586 | K9: 1.68865 | L9: 6.87545 | O9: 0.310761 | P9: 5.03664 | S9: 0.932783 | T9: 5.11499 | W9: 1.45595 | X9: 4.92404 | AA9: 0.462024 | AB9: 6.78472 | AE9: 0.484679 | AF9: 4.1982 | AI9: 0.22616 | AJ9: 2.11095 | AM9: 0.00573668 | AN9: 2.98531 | AQ9: 0.510361 | AR9: 8.59816 | AU9: 0.913874 | AV9: 3.55925 | AY9: 0.931224 | AZ9: 5.63949 | BC9: 2.17168 | BD9: 5.55679 | BG9: 1.85765 | BH9: 5.00708 | BK9: 1.98301 | BL9: 9.69605 | BO9: 0.682382 | BP9: 2.57108 | BS9: 1.85765 | BT9: 4.84319 | BW9: 1.98301 | BX9: 9.69866 | CA9: 1.10578 | CB9: 10.5148 | CE9: 1.84879 | CF9: 4.44
C10: 1.02153 | D10: 6.83014 | G10: 1.55585 | H10: 5.99628 | K10: 1.93304 | L10: 7.07009 | O10: 0.252222 | P10: 4.54422 | S10: 0.934094 | T10: 5.11501 | W10: 1.63062 | X10: 4.98544 | AA10: 0.434677 | AB10: 6.74173 | AE10: 0.400963 | AF10: 4.09495 | AI10: 0.30652 | AJ10: 2.58294 | AM10: 0.0544771 | AN10: 1.80231 | AQ10: 0.470076 | AR10: 8.61939 | AU10: 0.680338 | AV10: 3.01721 | AY10: 0.879838 | AZ10: 5.57539 | BC10: 2.15257 | BD10: 5.54327 | BG10: 1.86553 | BH10: 5.01159 | BK10: 2.16289 | BL10: 8.09761 | BO10: 0.485348 | BP10: 2.1784 | BS10: 1.86553 | BT10: 4.84612 | BW10: 2.16289 | BX10: 8.10244 | CA10: 1.05957 | CB10: 10.7671 | CE10: 2.13004 | CF10: 4.11889
C11: 1.20676 | D11: 6.6417 | G11: 1.82068 | H11: 6.14023 | K11: 1.99912 | L11: 7.19635 | O11: 0.189903 | P11: 3.97293 | S11: 0.941161 | T11: 5.10748 | W11: 1.67668 | X11: 5.01754 | AA11: 0.366794 | AB11: 6.56707 | AE11: 0.307244 | AF11: 3.83308 | AI11: 0.33084 | AJ11: 2.77184 | AM11: 0.0580054 | AN11: 1.70199 | AQ11: 0.453366 | AR11: 8.6703 | AU11: 0.66978 | AV11: 2.98955 | AY11: 0.871775 | AZ11: 5.64031 | BC11: 1.8843 | BD11: 5.10909 | BG11: 2.042 | BH11: 5.16136 | BK11: 2.23555 | BL11: 7.48353 | BO11: 0.449898 | BP11: 2.10634 | BS11: 2.042 | BT11: 4.95428 | BW11: 2.23555 | BX11: 7.48979 | CA11: 0.87324 | CB11: 12.7607 | CE11: 2.13023 | CF11: 4.11851
C12: 1.32826 | D12: 6.52704 | G12: 1.88365 | H12: 6.12498 | K12: 2.214 | L12: 7.70723 | O12: 0.132341 | P12: 3.31807 | S12: 1.20417 | T12: 4.92236 | W12: 1.80819 | X12: 5.09443 | AA12: 0.283584 | AB12: 6.3223 | AE12: 0.257455 | AF12: 3.71668 | AI12: 0.390049 | AJ12: 2.94263 | AM12: 0.0603657 | AN12: 1.77686 | AQ12: 0.367571 | AR12: 8.52562 | AU12: 0.480871 | AV12: 2.56126 | AY12: 0.64132 | AZ12: 5.27619 | BC12: 1.86474 | BD12: 5.07495 | BG12: 2.13425 | BH12: 5.23924 | BK12: 2.3822 | BL12: 6.03492 | BO12: 0.381454 | BP12: 1.73211 | BS12: 2.13425 | BT12: 5.00216 | BW12: 2.3822 | BX12: 6.0449 | CA12: 0.810207 | CB12: 13.7055 | CE12: 2.13027 | CF12: 4.11829
C13: 1.55516 | D13: 6.33182 | G13: 2.02783 | H13: 6.30733 | K13: 2.26266 | L13: 7.73013 | O13: 0.0643878 | P13: 2.06812 | S13: 1.26366 | T13: 4.91028 | W13: 1.88597 | X13: 5.13584 | AA13: 0.248282 | AB13: 5.82461 | AE13: 0.202351 | AF13: 3.64137 | AI13: 0.471717 | AJ13: 3.2588 | AM13: 0.130258 | AN13: 2.97019 | AQ13: 0.337349 | AR13: 8.48511 | AU13: 0.470146 | AV13: 2.52543 | AY13: 0.592625 | AZ13: 5.61194 | BC13: 1.86308 | BD13: 5.07399 | BG13: 2.21593 | BH13: 5.3348 | BK13: 2.51299 | BL13: 4.4493 | BO13: 0.312418 | BP13: 1.40154 | BS13: 2.21593 | BT13: 5.07908 | BW13: 2.51299 | BX13: 4.36661 | CA13: 0.673813 | CB13: 14.8685 | CE13: 2.1305 | CF13: 4.1171
C14: 1.81921 | D14: 6.38917 | G14: 2.13903 | H14: 6.33603 | K14: 2.48445 | L14: 7.32731 | O14: 0.0575914 | P14: 1.93354 | S14: 1.45748 | T14: 4.95186 | W14: 1.91216 | X14: 5.15416 | AA14: 0.141761 | AB14: 4.23852 | AE14: 0.131112 | AF14: 3.11262 | AI14: 0.517079 | AJ14: 3.40927 | AM14: 0.18617 | AN14: 3.6058 | AQ14: 0.330961 | AR14: 8.44095 | AU14: 0.402847 | AV14: 2.26242 | AY14: 0.464749 | AZ14: 5.38711 | BC14: 1.85966 | BD14: 5.06957 | BG14: 2.3701 | BH14: 5.81935 | BK14: 2.62069 | BL14: 2.99626 | BO14: 0.280608 | BP14: 1.27026 | BS14: 2.3701 | BT14: 5.5079 | BW14: 2.62069 | BX14: 2.88972 | CA14: 0.579323 | CB14: 18.1995 | CE14: 2.38149 | CF14: 2.797
C15: 1.88164 | D15: 6.39498 | G15: 2.17522 | H15: 6.37133 | K15: 2.56224 | L15: 5.19735 | O15: 0.0540316 | P15: 1.86279 | S15: 1.6217 | T15: 4.79018 | W15: 2.11046 | X15: 5.41476 | AA15: 0.118787 | AB15: 3.62857 | AE15: 0.0663701 | AF15: 2.20691 | AI15: 0.646513 | AJ15: 3.97692 | AM15: 0.246793 | AN15: 4.46169 | AQ15: 0.284367 | AR15: 8.43598 | AU15: 0.341993 | AV15: 2.0327 | AY15: 0.381136 | AZ15: 4.99706 | BC15: 1.53218 | BD15: 4.57967 | BG15: 2.45198 | BH15: 6.11738 | BK15: 2.61909 | BL15: 3.66394 | BO15: 0.212921 | BP15: 0.977908 | BS15: 2.45198 | BT15: 5.7713 | BW15: 2.61909 | BX15: 3.5487 | CA15: 0.495552 | CB15: 20.3802 | CE15: 2.42117 | CF15: 2.59181
C16: 1.96104 | D16: 6.41615 | G16: 2.17522 | H16: 6.37133 | K16: 2.58547 | L16: 4.57007 | O16: -0.000193642 | P16: 0.731729 | S16: 1.67821 | T16: 4.90129 | W16: 2.20429 | X16: 5.575 | AA16: 0.0591671 | AB16: 2.41449 | AE16: 0.0579381 | AF16: 2.10143 | AI16: 0.783896 | AJ16: 4.35031 | AM16: 0.303228 | AN16: 5.36469 | AQ16: 0.2335 | AR16: 8.39325 | AU16: 0.311722 | AV16: 1.85615 | AY16: 0.323805 | AZ16: 4.7862 | BC16: 1.26275 | BD16: 4.34989 | BG16: 2.49102 | BH16: 5.68431 | BK16: 2.61909 | BL16: 3.66394 | BO16: 0.167575 | BP16: 0.761626 | BS16: 2.49102 | BT16: 5.52096 | BW16: 2.61909 | BX16: 3.5487 | CA16: 0.415771 | CB16: 23.8038 | CE16: 2.55903 | CF16: 4.47302
C17: 2.0812 | D17: 6.3787 | G17: 2.42451 | H17: 6.75004 | K17: 1.34776 | L17: 6.07152 | O17: 0.0365514 | P17: 1.27691 | S17: 1.85727 | T17: 5.14207 | W17: 2.36192 | X17: 5.84222 | AA17: 0.041255 | AB17: 1.8832 | AE17: 0.0473754 | AF17: 1.95824 | AI17: 0.885917 | AJ17: 4.5653 | AM17: 0.374515 | AN17: 5.8302 | AQ17: 0.225889 | AR17: 8.31453 | AU17: 0.236834 | AV17: 1.42139 | AY17: 0.225294 | AZ17: 2.90749 | BC17: 1.17697 | BD17: 4.25343 | BG17: 2.50999 | BH17: 5.44022 | BK17: 2.61817 | BL17: 3.70676 | BO17: 0.126028 | BP17: 0.572394 | BS17: 2.50999 | BT17: 5.27602 | BW17: 2.61817 | BX17: 3.62197 | CA17: 0.312238 | CB17: 31.8689 | CE17: 2.57026 | CF17: 4.61564
C18: 2.15415 | D18: 6.42039 | G18: 2.51437 | H18: 5.12028 | K18: 1.30402 | L18: 6.03714 | O18: 0.0365514 | P18: 1.27691 | S18: 1.88626 | T18: 5.19362 | W18: 2.45061 | X18: 6.08644 | AA18: 0.00277541 | AB18: 0.782284 | AE18: 0.00376365 | AF18: 1.1336 | AI18: 1.02065 | AJ18: 4.73363 | AM18: 0.450438 | AN18: 6.06664 | AQ18: 0.151731 | AR18: 8.18183 | AU18: 0.218648 | AV18: 1.30734 | AY18: 0.219804 | AZ18: 2.88113 | BC18: 0.921672 | BD18: 3.68466 | BG18: 2.62609 | BH18: 3.72466 | BK18: 2.50009 | BL18: 5.11291 | BO18: 0.0627016 | BP18: -0.157471 | BS18: 2.62609 | BT18: 4.20302 | BW18: 2.50009 | BX18: 5.03115 | CA18: 0.299753 | CB18: 31.8822 | CE18: 2.56999 | CF18: 4.77003
C19: 2.2514 | D19: 6.3522 | G19: 2.5347 | H19: 4.4769 | K19: 1.07425 | L19: 5.84276 | O19: 0.0527989 | P19: 1.55317 | S19: 1.89491 | T19: 5.19659 | W19: 2.56463 | X19: 3.48899 | AA19: 0.0525856 | AB19: 1.05824 | AE19: 0.0474909 | AF19: 2.19221 | AI19: 1.19572 | AJ19: 4.81989 | AM19: 0.573102 | AN19: 6.05028 | AQ19: 0.126009 | AR19: 7.62675 | AU19: 0.129245 | AV19: 0.873537 | AY19: 0.201543 | AZ19: 2.53186 | BC19: 0.898972 | BD19: 3.64973 | BG19: 2.62765 | BH19: 3.81365 | BK19: 2.41338 | BL19: 5.95702 | BO19: 0.0576857 | BP19: -0.198396 | BS19: 2.62765 | BT19: 4.21225 | BW19: 2.41338 | BX19: 5.94986 | CA19: 0.290909 | CB19: 31.7864 | CE19: 2.56666 | CF19: 5.73703
... C63: 0.405071 | D63: 5.84216 | G63: 0.733121 | H63: 5.72429 | K63: 2.49702 | L63: 7.01727 | O63: 1.88335 | P63: 5.69235 | S63: 0.0577247 | T63: 1.31868 | W63: 0.915497 | X63: 4.50698 | AA63: 1.09035 | AB63: 6.94169 | AE63: 0.607426 | AF63: 6.67274 | AI63: 0.22935 | AJ63: 6.4262 | AM63: 1.6681 | AN63: 5.88674 | AQ63: 1.73298 | AR63: 7.92099 | AU63: 1.84683 | AV63: 4.77405 | AY63: 1.85138 | AZ63: 12.1574 | BC63: 2.54404 | BD63: 4.01256 | BG63: 0.927678 | BH63: 4.17599 | BK63: 1.29236 | BL63: 15.0997 | BO63: 1.85106 | BP63: 4.54317 | BS63: 0.927678 | BT63: 4.3693 | BW63: 1.29236 | BX63: 15.102 | CA63: 1.65403 | CB63: 7.56799 | CE63: 1.10461 | CF63: 1.84397
C64: 0.493754 | D64: 6.03433 | G64: 0.917746 | H64: 5.98277 | K64: 2.58277 | L64: 3.99258 | O64: 1.67936 | P64: 5.60899 | S64: 0.132094 | T64: 2.24476 | W64: 0.932335 | X64: 4.51531 | AA64: 1.07699 | AB64: 6.92999 | AE64: 0.473378 | AF64: 6.27316 | AI64: 0.228161 | AJ64: 6.41359 | AM64: 1.63032 | AN64: 5.95904 | AQ64: 1.6362 | AR64: 8.0761 | AU64: 1.52863 | AV64: 4.38828 | BC64: 2.62883 | BD64: 2.16985 | BG64: 0.943775 | BH64: 4.19508 | BK64: 1.37454 | BL64: 14.7305 | BO64: 1.8451 | BP64: 4.53464 | BS64: 0.943775 | BT64: 4.36401 | BW64: 1.37454 | BX64: 14.7326 | CA64: 1.63018 | CB64: 7.62202 | CE64: 1.27078 | CF64: 0.786275
K65: 2.65829 | L65: 2.50612 | O65: 1.61224 | P65: 5.67064 | S65: 0.182186 | T65: 2.5692 | AA65: 1.03932 | AB65: 6.98773 | AE65: 0.45189 | AF65: 6.2665 | AI65: 0.227983 | AJ65: 6.41097 | AM65: 1.4463 | AN65: 6.76695 | AQ65: 1.38788 | AR65: 8.21729 | AU65: 1.34719 | AV65: 4.33682 | BC65: 2.6353 | BD65: 2.03188 | BG65: 1.17214 | BH65: 4.59167 | BK65: 1.38507 | BL65: 14.6564 | BO65: 1.83314 | BP65: 4.52195 | BS65: 1.17214 | BT65: 4.63151 | BW65: 1.38507 | BX65: 14.6585 | CA65: 1.42298 | CB65: 8.72081 | CE65: 1.34321 | CF65: 1.00327
K66: 2.65806 | L66: 2.36901 | O66: 1.45869 | P66: 5.60199 | S66: 0.247952 | T66: 3.07555 | AE66: 0.343158 | AF66: 6.09256 | AI66: 0.146835 | AJ66: 5.53271 | AM66: 1.27135 | AN66: 6.49047 | AQ66: 1.37829 | AR66: 8.2162 | AU66: 1.18556 | AV66: 4.16765 | BC66: 2.63527 | BD66: 2.03801 | BK66: 1.66962 | BL66: 12.2195 | BO66: 1.51433 | BP66: 4.04296 | BW66: 1.66962 | BX66: 12.2211 | CE66: 1.36078 | CF66: 0.973869
K67: 2.65795 | L67: 2.29231 | O67: 1.25348 | P67: 5.63484 | S67: 0.310379 | T67: 3.43722 | AI67: 0.127976 | AJ67: 5.0186 | AM67: 1.1927 | AN67: 6.55235 | AQ67: 1.37274 | AR67: 8.21192 | BC67: 2.63321 | BD67: 2.22813 | BO67: 1.32272 | BP67: 3.69129 | CE67: 1.5537 | CF67: 2.95833
K68: 2.58547 | L68: 4.57007 | O68: 1.20537 | P68: 5.6477 | S68: 0.373646 | T68: 3.74679 | AI68: 0.0633229 | AJ68: 3.61876 | AM68: 0.93402 | AN68: 6.45586 | AQ68: 1.10115 | AR68: 7.94205 | BO68: 1.16141 | BP68: 3.44524
O69: 0.971373 | P69: 5.74147 | S69: 0.457546 | T69: 4.18473 | AI69: 0.0464618 | AJ69: 2.98638 | AM69: 0.922894 | AN69: 6.46389 | AQ69: 1.06253 | AR69: 7.89527 | BO69: 0.959855 | BP69: 3.10243
O70: 0.934988 | P70: 5.76385 | AI70: 0.00475095 | AJ70: 1.41636 | AM70: 0.865824 | AN70: 6.46779 | AQ70: 0.999562 | AR70: 7.8917
O71: 0.929284 | P71: 5.75566 | AI71: 0.0489828 | AJ71: 1.11879 | AM71: 0.658436 | AN71: 6.60251
O72: 0.668206 | P72: 5.43235 | AI72: 0.0579807 | AJ72: 1.05511 | AM72: 0.623962 | AN72: 6.2402
O73: 0.648853 | P73: 5.38621
O74: 0.614795 | P74: 5.26907

Sheet Cp(y=10m)
C2: X | D2: Y | G2: X | H2: Y | K2: X | L2: Y | O2: X | P2: Y | S2: X | T2: Y | W2: X | X2: Y | AA2: X | AB2: Y | AE2: X | AF2: Y | AI2: X | AJ2: Y | AM2: X | AN2: Y | AQ2: X | AR2: Y | AU2: X | AV2: Y | AY2: X | AZ2: Y | BC2: X | BD2: Y | BG2: X | BH2: Y | BK2: X | BL2: Y | BO2: X | BP2: Y | BS2: X | BT2: Y | BW2: X | BX2: Y | CA2: X | CB2: Y | CE2: X | CF2: Y
B4: alfa | F4: alfa | J4: alfa | N4: alfa | R4: alfa | V4: alfa | Z4: alfa | AD4: alfa | AH4: alfa | AL4: alfa | AP4: alfa | AT4: alfa | AX4: alfa | BB4: alfa | BF4: alfa | BJ4: alfa | BN4: alfa | BR4: alfa | BV4: alfa | BZ4: alfa | CD4: alfa
B5: -5 | F5: -4 | J5: -3 | N5: -2 | R5: -1 | V5: 0 | Z5: 1 | AD5: 2 | AH5: 3 | AL5: 4 | AP5: 5 | AT5: 6 | AX5: 7 | BB5: 8 | BF5: 9 | BJ5: 10 | BN5: 11 | BR5: 12 | BV5: 13 | BZ5: 14 | CD5: 15
C6: 1.48767 | D6: -0.494175 | G6: 2.16483 | H6: -0.290471 | K6: 1.97985 | L6: -0.308277 | O6: 1.96113 | P6: -0.362379 | S6: 2.27786 | T6: -0.0969493 | W6: 1.80075 | X6: -0.157031 | AA6: 1.98191 | AB6: -0.511286 | AE6: 3.3561 | AF6: 0.123974 | AI6: 1.76007 | AJ6: 0.00508926 | AM6: 3.35746 | AN6: 0.0537839 | AQ6: 1.79873 | AR6: -0.755863 | AU6: 1.80245 | AV6: -0.805483 | AY6: 3.34938 | AZ6: 0.0561863 | BC6: 2.29183 | BD6: 0.099521 | BG6: 3.34102 | BH6: -0.0987889 | BK6: 3.3347 | BL6: -0.14781 | BO6: 3.32801 | BP6: -0.231493 | BS6: 3.34102 | BT6: -0.104472 | BW6: 3.3347 | BX6: -0.147538 | CA6: 2.00873 | CB6: -0.681773 | CE6: 2.83802 | CF6: -0.496201
C7: 1.58297 | D7: -0.462234 | G7: 2.00924 | H7: -0.270253 | K7: 1.95301 | L7: -0.306927 | O7: 1.95114 | P7: -0.362312 | S7: 2.37079 | T7: -0.0678578 | W7: 1.86948 | X7: -0.149394 | AA7: 1.9817 | AB7: -0.51131 | AE7: 3.3562 | AF7: 0.115064 | AI7: 1.84876 | AJ7: -0.0158018 | AM7: 3.35648 | AN7: 0.117168 | AQ7: 1.74453 | AR7: -0.789034 | AU7: 1.70676 | AV7: -0.870114 | AY7: 3.2457 | AZ7: 0.164184 | BC7: 2.37397 | BD7: 0.0972238 | BG7: 3.34154 | BH7: -0.113436 | BK7: 3.33528 | BL7: -0.177515 | BO7: 3.24337 | BP7: -0.254871 | BS7: 3.34154 | BT7: -0.119245 | BW7: 3.33528 | BX7: -0.177633 | CA7: 1.94784 | CB7: -0.694924 | CE7: 2.87311 | CF7: -0.491587
C8: 1.73004 | D8: -0.423891 | G8: 1.94429 | H8: -0.261244 | K8: 1.9464 | L8: -0.306703 | O8: 1.75496 | P8: -0.360876 | S8: 2.45091 | T8: -0.0329055 | W8: 2.07775 | X8: -0.133506 | AA8: 1.77883 | AB8: -0.534077 | AE8: 3.35676 | AF8: 0.0506591 | AI8: 2.0171 | AJ8: -0.0236922 | AM8: 3.34962 | AN8: 0.121244 | AQ8: 1.5913 | AR8: -0.899365 | AU8: 1.60095 | AV8: -0.942633 | AY8: 3.21603 | AZ8: 0.194072 | BC8: 2.44504 | BD8: 0.106884 | BG8: 3.34154 | BH8: -0.113553 | BK8: 3.28023 | BL8: -0.189839 | BO8: 3.19394 | BP8: -0.271628 | BS8: 3.34154 | BT8: -0.119366 | BW8: 3.28023 | BX8: -0.190199 | CA8: 1.81017 | CB8: -0.760251 | CE8: 2.98936 | CF8: -0.47301
C9: 1.78497 | D9: -0.413226 | G9: 1.91732 | H9: -0.257571 | K9: 1.9356 | L9: -0.305896 | O9: 1.67449 | P9: -0.357029 | S9: 2.6376 | T9: 0.0623352 | W9: 2.23219 | X9: -0.0841434 | AA9: 1.71824 | AB9: -0.55047 | AE9: 3.33171 | AF9: 0.0274073 | AI9: 2.08053 | AJ9: -0.0281194 | AM9: 3.1842 | AN9: 0.243568 | AQ9: 1.53869 | AR9: -0.971154 | AU9: 1.49344 | AV9: -1.07547 | AY9: 3.17578 | AZ9: 0.22997 | BC9: 2.65284 | BD9: 0.165804 | BG9: 3.341 | BH9: -0.113699 | BK9: 3.09638 | BL9: -0.234666 | BO9: 3.16047 | BP9: -0.276742 | BS9: 3.341 | BT9: -0.1195 | BW9: 3.09638 | BX9: -0.235246 | CA9: 1.74743 | CB9: -0.794956 | CE9: 3.11238 | CF9: -0.453166
C10: 2.05983 | D10: -0.337715 | G10: 1.74109 | H10: -0.234315 | K10: 1.70042 | L10: -0.293376 | O10: 1.55457 | P10: -0.355313 | S10: 2.67116 | T10: 0.0814577 | W10: 2.38976 | X10: -0.039143 | AA10: 1.60035 | AB10: -0.580053 | AE10: 3.18873 | AF10: -0.100063 | AI10: 2.29549 | AJ10: -0.00226666 | AM10: 3.13573 | AN10: 0.257345 | AQ10: 1.41009 | AR10: -1.13988 | AU10: 1.42332 | AV10: -1.15665 | AY10: 3.08598 | AZ10: 0.257021 | BC10: 2.67193 | BD10: 0.172538 | BG10: 3.27857 | BH10: -0.130761 | BK10: 3.06855 | BL10: -0.243886 | BO10: 2.99392 | BP10: -0.305972 | BS10: 3.27857 | BT10: -0.134097 | BW10: 3.06855 | BX10: -0.24443 | CA10: 1.60879 | CB10: -0.880001 | CE10: 3.14786 | CF10: -0.450736
C11: 2.06025 | D11: -0.33759 | G11: 1.61789 | H11: -0.215677 | K11: 1.62287 | L11: -0.286128 | O11: 1.45701 | P11: -0.371686 | S11: 2.83297 | T11: 0.182648 | W11: 2.64299 | X11: 0.0862782 | AA11: 1.51824 | AB11: -0.632162 | AE11: 3.13283 | AF11: -0.144052 | AI11: 2.34454 | AJ11: 0.0057986 | AM11: 3.00905 | AN11: 0.28355 | AQ11: 1.36236 | AR11: -1.26381 | AU11: 1.30065 | AV11: -1.55355 | AY11: 3.02243 | AZ11: 0.275154 | BC11: 2.84795 | BD11: 0.233649 | BG11: 3.2036 | BH11: -0.143742 | BK11: 3.02869 | BL11: -0.258452 | BO11: 2.95595 | BP11: -0.314817 | BS11: 3.2036 | BT11: -0.14476 | BW11: 3.02869 | BX11: -0.258957 | CA11: 1.56613 | CB11: -0.914059 | CE11: 3.20365 | CF11: -0.469725
C12: 2.06048 | D12: -0.337493 | G12: 1.54452 | H12: -0.206922 | K12: 1.52835 | L12: -0.279888 | O12: 1.36158 | P12: -0.366142 | S12: 2.86319 | T12: 0.199554 | W12: 2.67451 | X12: 0.102219 | AA12: 1.43628 | AB12: -0.668074 | AE12: 2.99558 | AF12: -0.251849 | AI12: 2.43269 | AJ12: 0.0358806 | AM12: 2.97461 | AN12: 0.27577 | AQ12: 1.28016 | AR12: -1.51832 | AU12: 1.288 | AV12: -1.5927 | AY12: 2.98353 | AZ12: 0.267749 | BC12: 2.89779 | BD12: 0.248166 | BG12: 3.09058 | BH12: -0.188336 | BK12: 2.91023 | BL12: -0.299733 | BO12: 2.77655 | BP12: -0.350494 | BS12: 3.09058 | BT12: -0.189017 | BW12: 2.91023 | BX12: -0.300175 | CA12: 1.46458 | CB12: -1.00811 | CE12: 3.28882 | CF12: -0.482103
C13: 2.06192 | D13: -0.336759 | G13: 1.3834 | H13: -0.191289 | K13: 1.42993 | L13: -0.281837 | O13: 1.31855 | P13: -0.392637 | S13: 2.93961 | T13: 0.227769 | W13: 2.80121 | X13: 0.175539 | AA13: 1.33676 | AB13: -0.809008 | AE13: 2.9085 | AF13: -0.304451 | AI13: 2.53291 | AJ13: 0.0749729 | AM13: 2.87612 | AN13: 0.246247 | AQ13: 1.24448 | AR13: -1.60345 | AU13: 1.25717 | AV13: -1.68861 | AY13: 2.88551 | AZ13: 0.255308 | BC13: 2.99563 | BD13: 0.258235 | BG13: 2.98745 | BH13: -0.23116 | BK13: 2.82835 | BL13: -0.337736 | BO13: 2.7683 | BP13: -0.352465 | BS13: 2.98745 | BT13: -0.23157 | BW13: 2.82835 | BX13: -0.338144 | CA13: 1.43311 | CB13: -1.03465 | CE13: 3.28726 | CF13: -0.423675
C14: 2.33027 | D14: -0.194585 | G14: 1.36986 | H14: -0.188579 | K14: 1.36308 | L14: -0.274982 | O14: 1.24227 | P14: -0.485979 | S14: 2.99332 | T14: 0.246875 | W14: 2.85436 | X14: 0.20525 | AA14: 1.27766 | AB14: -0.869828 | AE14: 2.7941 | AF14: -0.380703 | AI14: 2.59596 | AJ14: 0.10633 | AM14: 2.82138 | AN14: 0.22146 | AQ14: 1.17149 | AR14: -1.6606 | AU14: 1.17517 | AV14: -1.94354 | AY14: 2.72236 | AZ14: 0.194212 | BC14: 3.14049 | BD14: 0.222828 | BG14: 2.89992 | BH14: -0.27105 | BK14: 2.77912 | BL14: -0.358981 | BO14: 2.73774 | BP14: -0.360886 | BS14: 2.89992 | BT14: -0.271335 | BW14: 2.77912 | BX14: -0.359354 | CA14: 1.39827 | CB14: -1.08884 | CE14: 3.28569 | CF14: -0.350286
C15: 2.39939 | D15: -0.148672 | G15: 1.29597 | H15: -0.185358 | K15: 1.29173 | L15: -0.304789 | O15: 1.19959 | P15: -0.371651 | S15: 3.09862 | T15: 0.232637 | W15: 2.86314 | X15: 0.207961 | AA15: 1.15802 | AB15: -0.821388 | AE15: 2.72587 | AF15: -0.415543 | AI15: 2.67967 | AJ15: 0.144987 | AM15: 2.67975 | AN15: 0.157512 | AQ15: 1.11761 | AR15: -1.1043 | AU15: 1.1288 | AV15: -1.46718 | AY15: 2.67511 | AZ15: 0.174649 | BC15: 3.19291 | BD15: 0.196163 | BG15: 2.80132 | BH15: -0.319977 | BK15: 2.65729 | BL15: -0.415093 | BO15: 2.57121 | BP15: -0.40405 | BS15: 2.80132 | BT15: -0.320189 | BW15: 2.65729 | BX15: -0.415425 | CA15: 1.31265 | CB15: -1.23089 | CE15: 3.24539 | CF15: -0.250057
C16: 2.50046 | D16: -0.0815814 | G16: 1.22437 | H16: -0.184642 | K16: 1.23763 | L16: -0.332237 | O16: 1.13577 | P16: -0.219311 | S16: 3.16663 | T16: 0.223761 | W16: 3.01349 | X16: 0.252374 | AA16: 1.15319 | AB16: -0.827105 | AE16: 2.56806 | AF16: -0.468733 | AI16: 2.81724 | AJ16: 0.207419 | AM16: 2.62546 | AN16: 0.132829 | AQ16: 1.04531 | AR16: -0.391236 | AU16: 1.04777 | AV16: -0.624722 | AY16: 2.64671 | AZ16: 0.165608 | BC16: 3.2525 | BD16: 0.10091 | BG16: 2.69794 | BH16: -0.37 | BK16: 2.57176 | BL16: -0.454193 | BO16: 2.52914 | BP16: -0.418786 | BS16: 2.69794 | BT16: -0.370136 | BW16: 2.57176 | BX16: -0.454498 | CA16: 1.28239 | CB16: -1.39381 | CE16: 3.07137 | CF16: 0.0805806
C17: 2.59831 | D17: -0.0216898 | G17: 1.21215 | H17: -0.14253 | K17: 1.18487 | L17: -0.189449 | O17: 1.06548 | P17: 0.162714 | S17: 3.1775 | T17: 0.221941 | W17: 3.05471 | X17: 0.248627 | AA17: 1.14555 | AB17: -0.790907 | AE17: 2.53756 | AF17: -0.476095 | AI17: 2.88591 | AJ17: 0.243784 | AM17: 2.4303 | AN17: 0.0596679 | AQ17: 1.07935 | AR17: -0.0977226 | AU17: 1.07649 | AV17: -0.317497 | AY17: 2.39976 | AZ17: 0.094807 | BC17: 3.34497 | BD17: -0.0289902 | BG17: 2.52875 | BH17: -0.457733 | BK17: 2.4518 | BL17: -0.503054 | BO17: 2.38486 | BP17: -0.472036 | BS17: 2.52875 | BT17: -0.457803 | BW17: 2.4518 | BX17: -0.503345 | CA17: 1.1917 | CB17: -1.711 | CE17: 3.071 | CF17: 0.0808513
... C58: 1.12235 | D58: -0.603016 | G58: 2.66053 | H58: -0.291289 | K58: 2.59802 | L58: -0.343894 | O58: 2.42556 | P58: -0.369309 | S58: 1.53626 | T58: -0.178721 | W58: 1.41806 | X58: -0.0749277 | AA58: 2.50123 | AB58: -0.451545 | AE58: 3.18561 | AF58: 0.235638 | AI58: 1.56176 | AJ58: 0.0671033 | AM58: 3.28011 | AN58: -0.0226077 | AQ58: 1.9502 | AR58: -0.700252 | AU58: 2.35127 | AV58: -0.587725 | AY58: 3.31018 | AZ58: -0.0269269 | BC58: 1.67683 | BD58: 0.237084 | BG58: 3.16555 | BH58: 0.189869 | BK58: 3.33309 | BL58: -0.0600821 | BO58: 3.06071 | BP58: 0.176668 | BS58: 3.16555 | BT58: 0.191139 | BW58: 3.33309 | BX58: -0.0594026 | CA58: 2.18789 | CB58: -0.6081 | CE58: 2.21783 | CF58: -0.533396
C59: 1.15671 | D59: -0.623596 | G59: 2.52967 | H59: -0.302103 | K59: 2.36611 | L59: -0.331613 | O59: 2.20989 | P59: -0.362569 | S59: 1.7169 | T59: -0.207698 | W59: 1.46821 | X59: -0.0892491 | AA59: 2.4523 | AB59: -0.464422 | AE59: 3.31908 | AF59: 0.148516 | AI59: 1.66254 | AJ59: 0.0261018 | AM59: 3.34239 | AN59: 0.0340469 | AQ59: 1.79873 | AR59: -0.755863 | AU59: 2.29114 | AV59: -0.606895 | AY59: 3.351 | AZ59: -0.00607024 | BC59: 1.83808 | BD59: 0.154398 | BG59: 3.28597 | BH59: 0.0190581 | BO59: 3.14707 | BP59: 0.129515 | BS59: 3.28597 | BT59: 0.0157804 | CE59: 2.35345 | CF59: -0.532906
C60: 1.25133 | D60: -0.664001 | G60: 2.41632 | H60: -0.308638 | K60: 2.35856 | L60: -0.331595 | O60: 2.20535 | P60: -0.362451 | S60: 1.75663 | T60: -0.208772 | W60: 1.50577 | X60: -0.10072 | AA60: 2.23813 | AB60: -0.480974 | AM60: 3.35752 | AN60: 0.0506977 | AU60: 2.12795 | AV60: -0.65479 | AY60: 3.35002 | AZ60: 0.0305899 | BC60: 1.96351 | BD60: 0.122823 | BG60: 3.33954 | BH60: -0.0567775 | BO60: 3.16171 | BP60: 0.120085 | BS60: 3.33954 | BT60: -0.0620336 | CE60: 2.45283 | CF60: -0.532689
C61: 1.29791 | D61: -0.60936 | G61: 2.36063 | H61: -0.304391 | K61: 2.16456 | L61: -0.319303 | O61: 1.96551 | P61: -0.36244 | S61: 1.83932 | T61: -0.200452 | W61: 1.60965 | X61: -0.138002 | AA61: 2.21736 | AB61: -0.482759 | AU61: 2.00444 | AV61: -0.692378 | BC61: 2.07248 | BD61: 0.0944273 | BG61: 3.33956 | BH61: -0.0576671 | BO61: 3.19706 | BP61: 0.0622814 | BS61: 3.33956 | BT61: -0.0629627 | CE61: 2.4597 | CF61: -0.532243
C62: 1.40374 | D62: -0.512713 | G62: 2.26306 | H62: -0.298356 | S62: 2.0043 | T62: -0.186885 | W62: 1.74423 | X62: -0.155218 | AA62: 1.98197 | AB62: -0.511279 | AU62: 1.9575 | AV62: -0.71841 | BO62: 3.32563 | BP62: -0.149525 | CE62: 2.66072 | CF62: -0.51827
S63: 2.07556 | T63: -0.17305 | W63: 1.80075 | X63: -0.157031 | AU63: 1.80245 | AV63: -0.805483 | BO63: 3.32696 | BP63: -0.197926 | CE63: 2.6722 | CF63: -0.516764
CE64: 2.72241 | CF64: -0.510495

Sheet Esf_X_(y=10m)
C2: X | D2: Y | G2: X | H2: Y | K2: X | L2: Y | O2: X | P2: Y | S2: X | T2: Y | W2: X | X2: Y | AA2: X | AB2: Y | AE2: X | AF2: Y | AI2: X | AJ2: Y | AM2: X | AN2: Y | AQ2: X | AR2: Y | AU2: X | AV2: Y | AY2: X | AZ2: Y | BC2: X | BD2: Y | BG2: X | BH2: Y | BK2: X | BL2: Y | BO2: X | BP2: Y | BS2: X | BT2: Y | BW2: X | BX2: Y | CA2: X | CB2: Y | CE2: X | CF2: Y
B4: alfa | F4: alfa | J4: alfa | N4: alfa | R4: alfa | V4: alfa | Z4: alfa | AD4: alfa | AH4: alfa | AL4: alfa | AP4: alfa | AT4: alfa | AX4: alfa | BB4: alfa | BF4: alfa | BJ4: alfa | BN4: alfa | BR4: alfa | BV4: alfa | BZ4: alfa | CD4: alfa
B5: -5 | F5: -4 | J5: -3 | N5: -2 | R5: -1 | V5: 0 | Z5: 1 | AD5: 2 | AH5: 3 | AL5: 4 | AP5: 5 | AT5: 6 | AX5: 7 | BB5: 8 | BF5: 9 | BJ5: 10 | BN5: 11 | BR5: 12 | BV5: 13 | BZ5: 14 | CD5: 15
B6: a | C6: 1.48767 | D6: 5.76758 | G6: 2.16483 | H6: 5.35849 | K6: 1.97985 | L6: 5.26003 | O6: 1.96113 | P6: 5.61539 | S6: 2.27786 | T6: 5.16974 | W6: 1.80075 | X6: 5.02895 | AA6: 1.98191 | AB6: 7.12337 | AE6: 3.3561 | AF6: 2.68447 | AI6: 1.76007 | AJ6: 4.37538 | AM6: 3.35746 | AN6: 2.83831 | AQ6: 1.79873 | AR6: 20.1406 | AU6: 1.80245 | AV6: 12.0649 | AY6: 3.34938 | AZ6: 3.7739 | BC6: 2.29183 | BD6: 8.25844 | BG6: 3.34102 | BH6: 2.85304 | BK6: 3.3347 | BL6: 4.3565 | BO6: 3.32801 | BP6: 2.95521 | BS6: 3.34102 | BT6: 2.80633 | BW6: 3.3347 | BX6: 4.35687 | CA6: 2.00873 | CB6: -1.39423 | CE6: 2.83802 | CF6: -0.887391
B7: b | C7: 1.58297 | D7: 6.04207 | G7: 2.00924 | H7: 5.06061 | K7: 1.95301 | L7: 5.20577 | O7: 1.95114 | P7: 5.59206 | S7: 2.37079 | T7: 4.98143 | W7: 1.86948 | X7: 5.11076 | AA7: 1.9817 | AB7: 7.12388 | AE7: 3.3562 | AF7: 2.70343 | AI7: 1.84876 | AJ7: 4.57829 | AM7: 3.35648 | AN7: 2.50145 | AQ7: 1.74453 | AR7: 21.2635 | AU7: 1.70676 | AV7: 11.7626 | AY7: 3.2457 | AZ7: 7.02634 | BC7: 2.37397 | BD7: 7.94197 | BG7: 3.34154 | BH7: 2.30932 | BK7: 3.33528 | BL7: 4.05374 | BO7: 3.24337 | BP7: 3.40797 | BS7: 3.34154 | BT7: 2.2785 | BW7: 3.33528 | BX7: 4.05335 | CA7: 1.94784 | CB7: -1.2753 | CE7: 2.87311 | CF7: -0.797177
C8: 1.73004 | D8: 6.04743 | G8: 1.94429 | H8: 4.93023 | K8: 1.9464 | L8: 5.18491 | O8: 1.75496 | P8: 5.31401 | S8: 2.45091 | T8: 5.00543 | W8: 2.07775 | X8: 5.04561 | AA8: 1.77883 | AB8: 7.3899 | AE8: 3.35676 | AF8: 3.5646 | AI8: 2.0171 | AJ8: 4.64896 | AM8: 3.34962 | AN8: 2.69661 | AQ8: 1.5913 | AR8: 22.5039 | AU8: 1.60095 | AV8: 11.8451 | AY8: 3.21603 | AZ8: 7.9604 | BC8: 2.44504 | BD8: 7.83714 | BG8: 3.34154 | BH8: 2.30325 | BK8: 3.28023 | BL8: 5.38773 | BO8: 3.19394 | BP8: 4.02682 | BS8: 3.34154 | BT8: 2.27282 | BW8: 3.28023 | BX8: 5.38675 | CA8: 1.81017 | CB8: -3.78146 | CE8: 2.98936 | CF8: -0.155501
C9: 1.78497 | D9: 5.95631 | G9: 1.91732 | H9: 4.91345 | K9: 1.9356 | L9: 5.15989 | O9: 1.67449 | P9: 5.12469 | S9: 2.6376 | T9: 5.24871 | W9: 2.23219 | X9: 4.90019 | AA9: 1.71824 | AB9: 7.41111 | AE9: 3.33171 | AF9: 4.37104 | AI9: 2.08053 | AJ9: 4.69671 | AM9: 3.1842 | AN9: 7.06832 | AQ9: 1.53869 | AR9: 25.0497 | AU9: 1.49344 | AV9: 11.042 | AY9: 3.17578 | AZ9: 9.27567 | BC9: 2.65284 | BD9: 7.12831 | BG9: 3.341 | BH9: 2.31476 | BK9: 3.09638 | BL9: 9.09613 | BO9: 3.16047 | BP9: 4.13136 | BS9: 3.341 | BT9: 2.28502 | BW9: 3.09638 | BX9: 9.0956 | CA9: 1.74743 | CB9: -2.30205 | CE9: 3.11238 | CF9: 1.45032
C10: 2.05983 | D10: 5.77745 | G10: 1.74109 | H10: 4.84158 | K10: 1.70042 | L10: 4.88339 | O10: 1.55457 | P10: 4.70603 | S10: 2.67116 | T10: 5.3168 | W10: 2.38976 | X10: 5.05869 | AA10: 1.60035 | AB10: 6.99305 | AE10: 3.18873 | AF10: 8.24385 | AI10: 2.29549 | AJ10: 4.96448 | AM10: 3.13573 | AN10: 6.87219 | AQ10: 1.41009 | AR10: 25.1257 | AU10: 1.42332 | AV10: 11.2739 | AY10: 3.08598 | AZ10: 9.10601 | BC10: 2.67193 | BD10: 7.06049 | BG10: 3.27857 | BH10: 4.17765 | BK10: 3.06855 | BL10: 9.34324 | BO10: 2.99392 | BP10: 3.60377 | BS10: 3.27857 | BT10: 4.10311 | BW10: 3.06855 | BX10: 9.34285 | CA10: 1.60879 | CB10: -3.91734 | CE10: 3.14786 | CF10: 2.07885
C11: 2.06025 | D11: 5.7772 | G11: 1.61789 | H11: 4.32647 | K11: 1.62287 | L11: 4.71711 | O11: 1.45701 | P11: 4.18237 | S11: 2.83297 | T11: 5.5019 | W11: 2.64299 | X11: 5.18815 | AA11: 1.51824 | AB11: 6.49438 | AE11: 3.13283 | AF11: 8.37407 | AI11: 2.34454 | AJ11: 5.05024 | AM11: 3.00905 | AN11: 6.1699 | AQ11: 1.36236 | AR11: 25.6735 | AU11: 1.30065 | AV11: 10.2373 | AY11: 3.02243 | AZ11: 8.91724 | BC11: 2.84795 | BD11: 7.03826 | BG11: 3.2036 | BH11: 5.50088 | BK11: 3.02869 | BL11: 9.9845 | BO11: 2.95595 | BP11: 3.65798 | BS11: 3.2036 | BT11: 5.49213 | BW11: 3.02869 | BX11: 9.98416 | CA11: 1.56613 | CB11: -1.06766 | CE11: 3.20365 | CF11: 2.37381
C12: 2.06048 | D12: 5.77753 | G12: 1.54452 | H12: 4.13213 | K12: 1.52835 | L12: 4.5308 | O12: 1.36158 | P12: 4.05355 | S12: 2.86319 | T12: 5.51505 | W12: 2.67451 | X12: 5.20511 | AA12: 1.43628 | AB12: 6.1531 | AE12: 2.99558 | AF12: 8.68774 | AI12: 2.43269 | AJ12: 5.29687 | AM12: 2.97461 | AN12: 6.03081 | AQ12: 1.28016 | AR12: 24.8986 | AU12: 1.288 | AV12: 10.3221 | AY12: 2.98353 | AZ12: 8.92123 | BC12: 2.89779 | BD12: 7.00781 | BG12: 3.09058 | BH12: 6.51729 | BK12: 2.91023 | BL12: 11.4157 | BO12: 2.77655 | BP12: 4.5758 | BS12: 3.09058 | BT12: 6.50909 | BW12: 2.91023 | BX12: 11.4152 | CA12: 1.46458 | CB12: 6.41662 | CE12: 3.28882 | CF12: 2.85109
C13: 2.06192 | D13: 5.77739 | G13: 1.3834 | H13: 3.25166 | K13: 1.42993 | L13: 4.07838 | O13: 1.31855 | P13: 3.82214 | S13: 2.93961 | T13: 5.57737 | W13: 2.80121 | X13: 5.16267 | AA13: 1.33676 | AB13: 5.40108 | AE13: 2.9085 | AF13: 8.61004 | AI13: 2.53291 | AJ13: 5.52809 | AM13: 2.87612 | AN13: 6.02939 | AQ13: 1.24448 | AR13: 24.2679 | AU13: 1.25717 | AV13: 9.97855 | AY13: 2.88551 | AZ13: 8.69396 | BC13: 2.99563 | BD13: 7.31638 | BG13: 2.98745 | BH13: 7.36904 | BK13: 2.82835 | BL13: 12.8447 | BO13: 2.7683 | BP13: 4.61516 | BS13: 2.98745 | BT13: 7.3677 | BW13: 2.82835 | BX13: 12.8444 | CA13: 1.43311 | CB13: 8.73823 | CE13: 3.28726 | CF13: 3.20768
C14: 2.33027 | D14: 5.87144 | G14: 1.36986 | H14: 3.20389 | K14: 1.36308 | L14: 3.87829 | O14: 1.24227 | P14: 3.85452 | S14: 2.99332 | T14: 5.61352 | W14: 2.85436 | X14: 5.1535 | AA14: 1.27766 | AB14: 5.12901 | AE14: 2.7941 | AF14: 8.33133 | AI14: 2.59596 | AJ14: 5.45414 | AM14: 2.82138 | AN14: 6.14442 | AQ14: 1.17149 | AR14: 23.0738 | AU14: 1.17517 | AV14: 9.83541 | AY14: 2.72236 | AZ14: 8.78747 | BC14: 3.14049 | BD14: 7.65626 | BG14: 2.89992 | BH14: 8.45646 | BK14: 2.77912 | BL14: 13.2832 | BO14: 2.73774 | BP14: 4.83173 | BS14: 2.89992 | BT14: 8.45532 | BW14: 2.77912 | BX14: 13.2831 | CA14: 1.39827 | CB14: 9.40301 | CE14: 3.28569 | CF14: 3.99507
C15: 2.39939 | D15: 5.7 | G15: 1.29597 | H15: 2.88661 | K15: 1.29173 | L15: 3.35383 | O15: 1.19959 | P15: 3.35412 | S15: 3.09862 | T15: 5.88803 | W15: 2.86314 | X15: 5.17618 | AA15: 1.15802 | AB15: 4.05468 | AE15: 2.72587 | AF15: 8.03057 | AI15: 2.67967 | AJ15: 5.34918 | AM15: 2.67975 | AN15: 5.87139 | AQ15: 1.11761 | AR15: 17.5972 | AU15: 1.1288 | AV15: 8.42713 | AY15: 2.67511 | AZ15: 8.82972 | BC15: 3.19291 | BD15: 7.90334 | BG15: 2.80132 | BH15: 8.98204 | BK15: 2.65729 | BL15: 15.0547 | BO15: 2.57121 | BP15: 6.28929 | BS15: 2.80132 | BT15: 8.98055 | BW15: 2.65729 | BX15: 15.0547 | CA15: 1.31265 | CB15: 13.5245 | CE15: 3.24539 | CF15: 4.96009
C16: 2.50046 | D16: 5.60025 | G16: 1.22437 | H16: 2.60509 | K16: 1.23763 | L16: 2.9841 | O16: 1.13577 | P16: 2.48584 | S16: 3.16663 | T16: 6.06648 | W16: 3.01349 | X16: 5.56435 | AA16: 1.15319 | AB16: 4.00922 | AE16: 2.56806 | AF16: 7.55589 | AI16: 2.81724 | AJ16: 5.30362 | AM16: 2.62546 | AN16: 5.81509 | AQ16: 1.04531 | AR16: 12.5422 | AU16: 1.04777 | AV16: 6.72857 | AY16: 2.64671 | AZ16: 8.80041 | BC16: 3.2525 | BD16: 6.41795 | BG16: 2.69794 | BH16: 9.94669 | BK16: 2.57176 | BL16: 16.5896 | BO16: 2.52914 | BP16: 6.92626 | BS16: 2.69794 | BT16: 9.94551 | BW16: 2.57176 | BX16: 16.5897 | CA16: 1.28239 | CB16: 16.2232 | CE16: 3.07137 | CF16: 6.41106
C17: 2.59831 | D17: 5.60121 | G17: 1.21215 | H17: 2.47525 | K17: 1.18487 | L17: 2.39875 | O17: 1.06548 | P17: 1.7134 | S17: 3.1775 | T17: 6.09629 | W17: 3.05471 | X17: 5.70096 | AA17: 1.14555 | AB17: 3.82292 | AE17: 2.53756 | AF17: 7.47249 | AI17: 2.88591 | AJ17: 5.34101 | AM17: 2.4303 | AN17: 6.15705 | AQ17: 1.07935 | AR17: 12.786 | AU17: 1.07649 | AV17: 7.93705 | AY17: 2.39976 | AZ17: 8.71231 | BC17: 3.34497 | BD17: 4.17004 | BG17: 2.52875 | BH17: 10.9955 | BK17: 2.4518 | BL17: 18.1758 | BO17: 2.38486 | BP17: 8.51701 | BS17: 2.52875 | BT17: 10.9944 | BW17: 2.4518 | BX17: 18.1761 | CA17: 1.1917 | CB17: 23.9726 | CE17: 3.071 | CF17: 6.4094
C18: 2.64965 | D18: 5.6415 | G18: 1.12243 | H18: 1.48123 | K18: 1.12927 | L18: 1.60001 | O18: 1.01921 | P18: 1.14223 | S18: 3.20383 | T18: 5.53299 | W18: 3.20452 | X18: 6.23895 | AA18: 1.06456 | AB18: 1.98105 | AE18: 2.46514 | AF18: 7.39279 | AI18: 2.97465 | AJ18: 5.40847 | AM18: 2.35364 | AN18: 6.27707 | AQ18: 1.15307 | AR18: 9.87404 | AU18: 1.12497 | AV18: 7.72936 | AY18: 2.35237 | AZ18: 8.70425 | BC18: 3.34578 | BD18: 3.97669 | BG18: 2.47872 | BH18: 11.4425 | BK18: 2.27161 | BL18: 21.5018 | BO18: 2.29043 | BP18: 9.98516 | BS18: 2.47872 | BT18: 11.4415 | BW18: 2.27161 | BX18: 21.5022 | CA18: 1.1666 | CB18: 25.6658 | CE18: 3.07033 | CF18: 6.40639
C19: 2.75375 | D19: 5.7647 | G19: 1.07868 | H19: 1.33467 | K19: 1.06543 | L19: 1.32527 | O19: 1.05438 | P19: 1.52483 | S19: 3.34787 | T19: 2.49668 | W19: 3.26719 | X19: 4.632 | AA19: 1.03228 | AB19: 1.0763 | AE19: 2.33399 | AF19: 7.1114 | AI19: 3.02652 | AJ19: 5.50112 | AM19: 2.27725 | AN19: 6.19295 | AQ19: 1.1819 | AR19: 10.3776 | AU19: 1.14294 | AV19: 8.04623 | AY19: 2.29457 | AZ19: 8.59995 | BC19: 3.34678 | BD19: 3.89467 | BG19: 2.24535 | BH19: 12.8997 | BK19: 2.24046 | BL19: 21.817 | BO19: 2.19028 | BP19: 11.2153 | BS19: 2.24535 | BT19: 12.8981 | BW19: 2.24046 | BX19: 21.8173 | CA19: 1.13138 | CB19: 19.4507 | CE19: 2.91446 | CF19: 5.69154
... C58: 1.12235 | D58: 3.16341 | G58: 2.66053 | H58: 6.70663 | K58: 2.59802 | L58: 7.19991 | O58: 2.42556 | P58: 6.58397 | S58: 1.53626 | T58: 4.4267 | W58: 1.41806 | X58: 3.83148 | AA58: 2.50123 | AB58: 7.98805 | AE58: 3.18561 | AF58: 6.24979 | AI58: 1.56176 | AJ58: 3.73301 | AM58: 3.28011 | AN58: 5.68585 | AQ58: 1.9502 | AR58: 20.1007 | AU58: 2.35127 | AV58: 11.0212 | AY58: 3.31018 | AZ58: 4.71334 | BC58: 1.67683 | BD58: 9.29627 | BG58: 3.16555 | BH58: 9.93849 | BK58: 3.33309 | BL58: 4.94077 | BO58: 3.06071 | BP58: 5.59531 | BS58: 3.16555 | BT58: 9.95517 | BW58: 3.33309 | BX58: 4.9412 | CA58: 2.18789 | CB58: -0.660588 | CE58: 2.21783 | CF58: -0.228089
C59: 1.15671 | D59: 3.4598 | G59: 2.52967 | H59: 6.43864 | K59: 2.36611 | L59: 5.82373 | O59: 2.20989 | P59: 6.1582 | S59: 1.7169 | T59: 5.06685 | W59: 1.46821 | X59: 4.09084 | AA59: 2.4523 | AB59: 7.8497 | AE59: 3.31908 | AF59: 3.43259 | AI59: 1.66254 | AJ59: 4.09422 | AM59: 3.34239 | AN59: 3.40358 | AU59: 2.29114 | AV59: 11.1058 | AY59: 3.351 | AZ59: 3.08462 | BC59: 1.83808 | BD59: 9.13616 | BG59: 3.28597 | BH59: 6.1062 | BO59: 3.14707 | BP59: 6.14823 | BS59: 3.28597 | BT59: 6.04625 | CE59: 2.35345 | CF59: -0.948331
C60: 1.25133 | D60: 4.35607 | G60: 2.41632 | H60: 6.30259 | K60: 2.35856 | L60: 5.80875 | O60: 2.20535 | P60: 6.15646 | S60: 1.75663 | T60: 5.14613 | W60: 1.50577 | X60: 4.14383 | AA60: 2.23813 | AB60: 7.36199 | AM60: 3.35752 | AN60: 2.84728 | AU60: 2.12795 | AV60: 11.0498 | AY60: 3.35002 | AZ60: 3.5551 | BC60: 1.96351 | BD60: 8.6417 | BG60: 3.33954 | BH60: 4.42609 | BO60: 3.16171 | BP60: 6.17285 | BS60: 3.33954 | BT60: 4.3295 | CE60: 2.45283 | CF60: -1.49265
C61: 1.29791 | D61: 4.54957 | G61: 2.36063 | H61: 6.08401 | K61: 2.16456 | L61: 5.71049 | O61: 1.96551 | P61: 5.61803 | S61: 1.83932 | T61: 5.244 | W61: 1.60965 | X61: 4.34307 | AA61: 2.21736 | AB61: 7.29134 | AU61: 2.00444 | AV61: 11.6679 | BC61: 2.07248 | BD61: 8.11275 | BG61: 3.33956 | BH61: 4.39756 | BO61: 3.19706 | BP61: 5.69628 | BS61: 3.33956 | BT61: 4.30248 | CE61: 2.4597 | CF61: -1.48946
C62: 1.40374 | D62: 5.39192 | G62: 2.26306 | H62: 5.74407 | S62: 2.0043 | T62: 5.19445 | W62: 1.74423 | X62: 4.886 | AA62: 1.98197 | AB62: 7.12337 | AU62: 1.9575 | AV62: 11.6748 | BC62: 2.29183 | BD62: 8.25844 | BO62: 3.32563 | BP62: 3.49457 | CE62: 2.66072 | CF62: -1.39358
S63: 2.07556 | T63: 5.2453 | BO63: 3.32696 | BP63: 2.9971 | CE63: 2.6722 | CF63: -1.36223
CE64: 2.72241 | CF64: -1.22639
CE65: 2.83802 | CF65: -0.887391

Sheet Cp(y=12m)
C2: X | D2: Y | G2: X | H2: Y | K2: X | L2: Y | O2: X | P2: Y | S2: X | T2: Y | W2: X | X2: Y | AA2: X | AB2: Y | AE2: X | AF2: Y | AI2: X | AJ2: Y | AM2: X | AN2: Y | AQ2: X | AR2: Y | AU2: X | AV2: Y | AY2: X | AZ2: Y | BC2: X | BD2: Y | BG2: X | BH2: Y | BK2: X | BL2: Y | BO2: X | BP2: Y | BS2: X | BT2: Y | BW2: X | BX2: Y | CA2: X | CB2: Y | CE2: X | CF2: Y
B4: alfa | F4: alfa | J4: alfa | N4: alfa | R4: alfa | V4: alfa | Z4: alfa | AD4: alfa | AH4: alfa | AL4: alfa | AP4: alfa | AT4: alfa | AX4: alfa | BB4: alfa | BF4: alfa | BJ4: alfa | BN4: alfa | BR4: alfa | BV4: alfa | BZ4: alfa | CD4: alfa
B5: -5 | F5: -4 | J5: -3 | N5: -2 | R5: -1 | V5: 0 | Z5: 1 | AD5: 2 | AH5: 3 | AL5: 4 | AP5: 5 | AT5: 6 | AX5: 7 | BB5: 8 | BF5: 9 | BJ5: 10 | BN5: 11 | BR5: 12 | BV5: 13 | BZ5: 14 | CD5: 15
C6: 2.71516 | D6: -0.409992 | G6: 2.51144 | H6: -0.197056 | K6: 2.61938 | L6: -0.279656 | O6: 2.66925 | P6: -0.339126 | S6: 2.88113 | T6: -0.179051 | W6: 2.88354 | X6: -0.144545 | AA6: 2.68112 | AB6: -0.524376 | AE6: 3.06429 | AF6: -0.0430086 | AI6: 3.00096 | AJ6: -0.0267014 | AM6: 3.12533 | AN6: -0.548598 | AQ6: 3.09142 | AR6: -0.58268 | AU6: 2.9065 | AV6: -0.686531 | AY6: 3.186 | AZ6: 0.0735284 | BC6: 3.47159 | BD6: 0.157672 | BG6: 3.70658 | BH6: -0.229958 | BK6: 3.88484 | BL6: -0.206853 | BO6: 3.21332 | BP6: -0.426891 | BS6: 3.70658 | BT6: -0.231232 | BW6: 3.88484 | BX6: -0.208185 | CA6: 3.10031 | CB6: -0.374608 | CE6: 3.20739 | CF6: -0.407014
C7: 2.91339 | D7: -0.318647 | G7: 2.4932 | H7: -0.194269 | K7: 2.45696 | L7: -0.25908 | O7: 2.49889 | P7: -0.352484 | S7: 2.94652 | T7: -0.171061 | W7: 2.95257 | X7: -0.138583 | AA7: 2.59852 | AB7: -0.544835 | AE7: 3.21812 | AF7: 0.00109676 | AI7: 3.2216 | AJ7: 0.0169107 | AM7: 3.01247 | AN7: -0.587162 | AQ7: 2.98083 | AR7: -0.623963 | AU7: 2.77855 | AV7: -0.754194 | AY7: 3.22587 | AZ7: 0.0753517 | BC7: 3.48125 | BD7: 0.160964 | BG7: 3.78357 | BH7: -0.193708 | BK7: 3.98307 | BL7: -0.200104 | BO7: 3.06866 | BP7: -0.508211 | BS7: 3.78357 | BT7: -0.195981 | BW7: 3.98307 | BX7: -0.200375 | CA7: 2.97767 | CB7: -0.396075 | CE7: 3.17348 | CF7: -0.407689
C8: 2.97217 | D8: -0.284555 | G8: 2.48184 | H8: -0.19207 | K8: 2.42583 | L8: -0.254991 | O8: 2.49268 | P8: -0.352418 | S8: 3.16111 | T8: -0.0932068 | W8: 3.16046 | X8: -0.066565 | AA8: 2.47169 | AB8: -0.611644 | AE8: 3.45686 | AF8: 0.120297 | AI8: 3.42496 | AJ8: 0.114408 | AM8: 2.89598 | AN8: -0.626002 | AQ8: 2.90168 | AR8: -0.652975 | AU8: 2.69955 | AV8: -0.791338 | AY8: 3.4592 | AZ8: 0.157402 | BC8: 3.66431 | BD8: 0.223012 | BG8: 3.9114 | BH8: -0.134988 | BK8: 4.02356 | BL8: -0.192637 | BO8: 2.91728 | BP8: -0.61194 | BS8: 3.9114 | BT8: -0.138368 | BW8: 4.02356 | BX8: -0.195439 | CA8: 2.91309 | CB8: -0.405583 | CE8: 3.12643 | CF8: -0.408708
C9: 3.1662 | D9: -0.170888 | G9: 2.37044 | H9: -0.171818 | K9: 2.41718 | L9: -0.254786 | O9: 2.45678 | P9: -0.356802 | S9: 3.20309 | T9: -0.0748243 | W9: 3.20816 | X9: -0.049057 | AA9: 2.46479 | AB9: -0.614912 | AE9: 3.47377 | AF9: 0.12823 | AI9: 3.47767 | AJ9: 0.139122 | AM9: 2.77645 | AN9: -0.673889 | AQ9: 2.74695 | AR9: -0.731578 | AU9: 2.57436 | AV9: -0.878522 | AY9: 3.48265 | AZ9: 0.16575 | BC9: 3.70086 | BD9: 0.233185 | BG9: 3.9747 | BH9: -0.106139 | BK9: 4.05045 | BL9: -0.189812 | BO9: 2.90309 | BP9: -0.623463 | BS9: 3.9747 | BT9: -0.115074 | BW9: 4.05045 | BX9: -0.191671 | CA9: 2.79556 | CB9: -0.442244 | CE9: 2.90991 | CF9: -0.422245
C10: 3.34158 | D10: -0.0315627 | G10: 2.28351 | H10: -0.153526 | K10: 2.38459 | L10: -0.25695 | O10: 2.33653 | P10: -0.370932 | S10: 3.43583 | T10: 0.0777012 | W10: 3.44419 | X10: 0.0945985 | AA10: 2.44768 | AB10: -0.626897 | AE10: 3.53132 | AF10: 0.156188 | AI10: 3.61535 | AJ10: 0.205195 | AM10: 2.70874 | AN10: -0.699439 | AQ10: 2.69246 | AR10: -0.760626 | AU10: 2.50407 | AV10: -0.953112 | AY10: 3.48698 | AZ10: 0.167505 | BC10: 3.86025 | BD10: 0.204951 | BG10: 4.0493 | BH10: -0.0993252 | BK10: 4.05019 | BL10: -0.182693 | BO10: 2.72974 | BP10: -0.754004 | BS10: 4.0493 | BT10: -0.102254 | BW10: 4.05019 | BX10: -0.184359 | CA10: 2.71321 | CB10: -0.478547 | CE10: 2.79077 | CF10: -0.452139
C11: 3.41697 | D11: 0.0285542 | G11: 2.23097 | H11: -0.147605 | K11: 2.26754 | L11: -0.257746 | O11: 2.31878 | P11: -0.383529 | S11: 3.45574 | T11: 0.0898421 | W11: 3.4628 | X11: 0.104963 | AA11: 2.32924 | AB11: -0.730173 | AE11: 3.66733 | AF11: 0.222673 | AI11: 3.69253 | AJ11: 0.241393 | AM11: 2.54273 | AN11: -0.787128 | AQ11: 2.49995 | AR11: -0.921137 | AU11: 2.39385 | AV11: -1.23124 | AY11: 3.67864 | AZ11: 0.244876 | BC11: 3.92017 | BD11: 0.187444 | BG11: 4.05518 | BH11: -0.0977507 | BK11: 4.04857 | BL11: -0.131536 | BO11: 2.69441 | BP11: -0.796535 | BS11: 4.05518 | BT11: -0.100695 | BW11: 4.04857 | BX11: -0.131767 | CA11: 2.66108 | CB11: -0.517654 | CE11: 2.72164 | CF11: -0.469696
C12: 3.56675 | D12: 0.146085 | G12: 2.19692 | H12: -0.0241776 | K12: 2.23854 | L12: -0.280702 | O12: 2.2272 | P12: -0.388971 | S12: 3.63503 | T12: 0.200175 | W12: 3.66628 | X12: 0.215696 | AA12: 2.2911 | AB12: -0.692893 | AE12: 3.69321 | AF12: 0.222539 | AI12: 3.71361 | AJ12: 0.240901 | AM12: 2.52081 | AN12: -0.800767 | AQ12: 2.47919 | AR12: -0.93667 | AU12: 2.32861 | AV12: -1.44984 | AY12: 3.73152 | AZ12: 0.241552 | BC12: 4.05535 | BD12: -0.000451313 | BG12: 4.0535 | BH12: -0.0476585 | BK12: 3.98057 | BL12: -0.0180801 | BO12: 2.56794 | BP12: -0.928815 | BS12: 4.0535 | BT12: -0.0481991 | BW12: 3.98057 | BX12: -0.0181352 | CA12: 2.54728 | CB12: -0.597111 | CE12: 2.59322 | CF12: -0.521052
C13: 3.60578 | D13: 0.176981 | G13: 2.11655 | H13: 0.129379 | K13: 2.17137 | L13: -0.167022 | O13: 2.20524 | P13: -0.310398 | S13: 3.65561 | T13: 0.212157 | W13: 3.68124 | X13: 0.22355 | AA13: 2.21378 | AB13: -0.857417 | AE13: 3.91435 | AF13: 0.228598 | AI13: 3.88727 | AJ13: 0.24314 | AM13: 2.49062 | AN13: -0.831332 | AQ13: 2.43993 | AR13: -1.03478 | AU13: 2.26729 | AV13: -1.63136 | AY13: 3.90583 | AZ13: 0.217798 | BC13: 4.05712 | BD13: -0.00280947 | BG13: 4.05347 | BH13: -0.0463 | BK13: 3.93695 | BL13: 0.0534061 | BO13: 2.49382 | BP13: -1.05008 | BS13: 4.05347 | BT13: -0.0467941 | BW13: 3.93695 | BX13: 0.05454 | CA13: 2.45079 | CB13: -0.738188 | CE13: 2.58382 | CF13: -0.526748
C14: 3.61358 | D14: 0.179435 | G14: 2.08139 | H14: 0.157913 | K14: 2.12759 | L14: -0.0171218 | O14: 2.13798 | P14: -0.129377 | S14: 3.83672 | T14: 0.232517 | W14: 3.86791 | X14: 0.232372 | AA14: 2.16524 | AB14: -0.7238 | AE14: 3.94863 | AF14: 0.200328 | AI14: 3.93 | AJ14: 0.226298 | AM14: 2.36455 | AN14: -1.10511 | AQ14: 2.32955 | AR14: -1.37841 | AU14: 2.19744 | AV14: -1.81132 | AY14: 3.96653 | AZ14: 0.152833 | BC14: 4.05716 | BD14: -0.00441913 | BG14: 4.05205 | BH14: -0.0446305 | BK14: 3.91356 | BL14: 0.100526 | BO14: 2.4497 | BP14: -1.11918 | BS14: 4.05205 | BT14: -0.0450782 | BW14: 3.91356 | BX14: 0.101407 | CA14: 2.3967 | CB14: -0.874415 | CE14: 2.55935 | CF14: -0.553399
C15: 3.62377 | D15: 0.180789 | G15: 2.01936 | H15: 0.225709 | K15: 2.08433 | L15: 0.12504 | O15: 2.06898 | P15: 0.190719 | S15: 3.86641 | T15: 0.234588 | W15: 3.89653 | X15: 0.235586 | AA15: 2.15453 | AB15: -0.64053 | AE15: 3.98194 | AF15: 0.190142 | AI15: 4.04616 | AJ15: 0.129002 | AM15: 2.30894 | AN15: -1.30189 | AQ15: 2.27366 | AR15: -1.41268 | AU15: 2.15025 | AV15: -1.25919 | AY15: 4.00448 | AZ15: 0.119462 | BC15: 4.05867 | BD15: -0.056098 | BG15: 3.91446 | BH15: 0.144364 | BK15: 3.89746 | BL15: 0.1137 | BO15: 2.41039 | BP15: -1.25283 | BS15: 3.91446 | BT15: 0.147175 | BW15: 3.89746 | BX15: 0.114887 | CA15: 2.34569 | CB15: -1.0454 | CE15: 2.4511 | CF15: -0.667363
C16: 3.82045 | D16: 0.208393 | G16: 2.06104 | H16: 0.00372863 | K16: 2.02906 | L16: 0.336384 | O16: 2.03815 | P16: 0.347624 | S16: 3.95515 | T16: 0.171662 | W16: 3.97227 | X16: 0.187164 | AA16: 2.13953 | AB16: -0.500141 | AE16: 4.0531 | AF16: 0.136157 | AI16: 4.05687 | AJ16: 0.117311 | AM16: 2.26158 | AN16: -1.34448 | AQ16: 2.19233 | AR16: -1.57559 | AU16: 2.08828 | AV16: -0.530643 | AY16: 4.05955 | AZ16: 0.0583425 | BC16: 4.05397 | BD16: -0.0579279 | BG16: 3.88343 | BH16: 0.156621 | BK16: 3.69113 | BL16: 0.192122 | BO16: 2.33852 | BP16: -1.50848 | BS16: 3.88343 | BT16: 0.159329 | BW16: 3.69113 | BX16: 0.192579 | CA16: 2.29605 | CB16: -1.35306 | CE16: 2.41648 | CF16: -0.754333
C17: 3.86489 | D17: 0.199741 | G17: 2.1205 | H17: -0.370257 | K17: 2.06462 | L17: 0.123891 | O17: 2.11884 | P17: 0.0591633 | S17: 4.03442 | T17: 0.121877 | W17: 4.04188 | X17: 0.140226 | AA17: 2.09478 | AB17: -0.0381289 | AE17: 4.0533 | AF17: 0.111376 | AI17: 4.05695 | AJ17: 0.109074 | AM17: 2.18655 | AN17: -1.30733 | AQ17: 2.17177 | AR17: -1.3401 | AU17: 2.11683 | AV17: -0.191742 | AY17: 4.06037 | AZ17: 0.0178572 | BC17: 3.98533 | BD17: -0.0788799 | BG17: 3.67689 | BH17: 0.219671 | BK17: 3.686 | BL17: 0.193134 | BO17: 2.29053 | BP17: -1.81691 | BS17: 3.67689 | BT17: 0.220849 | BW17: 3.686 | BX17: 0.193594 | CA17: 2.21412 | CB17: -1.74209 | CE17: 2.32985 | CF17: -1.10703
... C53: 2.2222 | D53: -0.642522 | G53: 2.91876 | H53: -0.269831 | K53: 3.22099 | L53: -0.326069 | O53: 3.30958 | P53: -0.36286 | S53: 2.54584 | T53: -0.199186 | W53: 2.34985 | X53: -0.0712744 | AA53: 3.37684 | AB53: -0.419101 | AE53: 2.55818 | AF53: -0.0137937 | AI53: 2.54583 | AJ53: 0.0526996 | AM53: 3.89019 | AN53: -0.12937 | AQ53: 3.48907 | AR53: -0.40915 | AU53: 3.27272 | AV53: -0.530419 | AY53: 2.55314 | AZ53: 0.232933 | BC53: 3.22447 | BD53: 0.0794364 | BG53: 3.54481 | BH53: -0.320331 | BK53: 3.32117 | BL53: -0.390087 | BO53: 3.67128 | BP53: -0.25106 | BS53: 3.54481 | BT53: -0.321045 | BW53: 3.32117 | BX53: -0.390224 | CA53: 3.49611 | CB53: -0.386096 | CE53: 3.391 | CF53: -0.401448
C54: 2.31824 | D54: -0.537379 | G54: 2.81882 | H54: -0.253448 | K54: 3.04226 | L54: -0.312978 | O54: 3.2131 | P54: -0.357571 | S54: 2.62487 | T54: -0.203657 | W54: 2.36446 | X54: -0.0753339 | AA54: 3.31662 | AB54: -0.430975 | AE54: 2.7573 | AF54: -0.0631037 | AI54: 2.74996 | AJ54: -0.0111682 | AM54: 3.72682 | AN54: -0.266412 | AQ54: 3.31212 | AR54: -0.50438 | AU54: 3.09474 | AV54: -0.601366 | AY54: 2.59962 | AZ54: 0.211206 | BG54: 3.57794 | BH54: -0.301958 | BK54: 3.43257 | BL54: -0.345206 | BO54: 3.50288 | BP54: -0.303834 | BS54: 3.57794 | BT54: -0.302789 | BW54: 3.43257 | BX54: -0.345413 | CA54: 3.42182 | CB54: -0.384278
C55: 2.38895 | D55: -0.512719 | G55: 2.69037 | H55: -0.224137 | K55: 2.94031 | L55: -0.301266 | O55: 3.06197 | P55: -0.354629 | S55: 2.74473 | T55: -0.204932 | W55: 2.46892 | X55: -0.102789 | AA55: 3.20906 | AB55: -0.453222 | AE55: 2.77624 | AF55: -0.0649527 | AI55: 2.76358 | AJ55: -0.0154048 | AM55: 3.72261 | AN55: -0.269537 | AQ55: 3.24447 | AR55: -0.530066 | AU55: 2.99949 | AV55: -0.6425 | AY55: 2.713 | AZ55: 0.141444 | BK55: 3.52419 | BL55: -0.308601 | BO55: 3.46859 | BP55: -0.318834 | BW55: 3.52419 | BX55: -0.30885 | CA55: 3.29575 | CB55: -0.378838
C56: 2.45795 | D56: -0.482956 | G56: 2.64047 | H56: -0.214921 | K56: 2.83151 | L56: -0.29364 | O56: 2.94826 | P56: -0.354168 | W56: 2.56056 | X56: -0.13058 | AA56: 3.08666 | AB56: -0.478001 | AE56: 2.96196 | AF56: -0.0712726 | AI56: 2.84643 | AJ56: -0.0225623 | AM56: 3.70598 | AN56: -0.280448 | AQ56: 3.09142 | AR56: -0.58268 | AY56: 2.81057 | AZ56: 0.113731 | BK56: 3.57257 | BL56: -0.293217 | BO56: 3.36542 | BP56: -0.361563 | BW56: 3.57257 | BX56: -0.293526 | CA56: 3.21836 | CB56: -0.375528
C57: 2.48869 | D57: -0.477828 | K57: 2.67034 | L57: -0.283247 | O57: 2.84333 | P57: -0.349101 | W57: 2.66405 | X57: -0.142467 | AA57: 3.04512 | AB57: -0.484195 | AI57: 2.9653 | AJ57: -0.0333292 | AM57: 3.55985 | AN57: -0.376852 | AY57: 2.91723 | AZ57: 0.0820156 | BK57: 3.7075 | BL57: -0.24973 | BO57: 3.25442 | BP57: -0.406366 | BW57: 3.7075 | BX57: -0.250231
C58: 2.69881 | D58: -0.415302 | K58: 2.61938 | L58: -0.279656 | O58: 2.70627 | P58: -0.339578 | W58: 2.75073 | X58: -0.153064 | AA58: 3.0145 | AB58: -0.490022 | AM58: 3.52908 | AN58: -0.397684 | AY58: 2.96963 | AZ58: 0.0693351 | BK58: 3.81041 | BL58: -0.225657 | BW58: 3.81041 | BX58: -0.226502
C59: 2.7128 | D59: -0.410923 | W59: 2.88354 | X59: -0.144545 | AA59: 2.8736 | AB59: -0.504257 | AM59: 3.4324 | AN59: -0.444918
AA60: 2.78517 | AB60: -0.514372 | AM60: 3.32847 | AN60: -0.493715
AM61: 3.28562 | AN61: -0.50723

Sheet Esf_X_(y=12m)
C2: X | D2: Y | G2: X | H2: Y | K2: X | L2: Y | O2: X | P2: Y | S2: X | T2: Y | W2: X | X2: Y | AA2: X | AB2: Y | AE2: X | AF2: Y | AI2: X | AJ2: Y | AM2: X | AN2: Y | AQ2: X | AR2: Y | AU2: X | AV2: Y | AY2: X | AZ2: Y | BC2: X | BD2: Y | BG2: X | BH2: Y | BK2: X | BL2: Y | BO2: X | BP2: Y | BS2: X | BT2: Y | BW2: X | BX2: Y | CA2: X | CB2: Y | CE2: X | CF2: Y
B4: alfa | F4: alfa | J4: alfa | N4: alfa | R4: alfa | V4: alfa | Z4: alfa | AD4: alfa | AH4: alfa | AL4: alfa | AP4: alfa | AT4: alfa | AX4: alfa | BB4: alfa | BF4: alfa | BJ4: alfa | BN4: alfa | BR4: alfa | BV4: alfa | BZ4: alfa | CD4: alfa
B5: -5 | F5: -4 | J5: -3 | N5: -2 | R5: -1 | V5: 0 | Z5: 1 | AD5: 2 | AH5: 3 | AL5: 4 | AP5: 5 | AT5: 6 | AX5: 7 | BB5: 8 | BF5: 9 | BJ5: 10 | BN5: 11 | BR5: 12 | BV5: 13 | BZ5: 14 | CD5: 15
B6: a | C6: 2.71516 | D6: 5.90533 | G6: 2.51144 | H6: 4.05129 | K6: 2.61938 | L6: 4.84584 | O6: 2.66925 | P6: 5.11358 | S6: 2.88113 | T6: 4.81245 | W6: 2.88354 | X6: 4.42918 | AA6: 2.68112 | AB6: 5.76999 | AE6: 3.06429 | AF6: 4.62285 | AI6: 3.00096 | AJ6: 9.98492 | AM6: 3.12533 | AN6: 8.01971 | AQ6: 3.09142 | AR6: 7.51229 | AU6: 2.9065 | AV6: 9.36601 | AY6: 3.186 | AZ6: 9.11302 | BC6: 3.47159 | BD6: 6.3014 | BG6: 3.70658 | BH6: 7.65405 | BK6: 3.88484 | BL6: 4.20908 | BO6: 3.21332 | BP6: 12.3326 | BS6: 3.70658 | BT6: 7.65143 | BW6: 3.88484 | BX6: 4.1977 | CA6: 3.10031 | CB6: 3.19994 | CE6: 3.20739 | CF6: 0.846184
B7: b | C7: 2.91339 | D7: 5.87306 | G7: 2.4932 | H7: 4.02237 | K7: 2.45696 | L7: 3.97428 | O7: 2.49889 | P7: 4.70474 | S7: 2.94652 | T7: 4.90235 | W7: 2.95257 | X7: 4.53379 | AA7: 2.59852 | AB7: 5.49226 | AE7: 3.21812 | AF7: 4.78219 | AI7: 3.2216 | AJ7: 8.61043 | AM7: 3.01247 | AN7: 8.16673 | AQ7: 2.98083 | AR7: 7.34952 | AU7: 2.77855 | AV7: 8.96045 | AY7: 3.22587 | AZ7: 9.09246 | BC7: 3.48125 | BD7: 6.27784 | BG7: 3.78357 | BH7: 6.89077 | BK7: 3.98307 | BL7: 3.04676 | BO7: 3.06866 | BP7: 13.5219 | BS7: 3.78357 | BT7: 6.88171 | BW7: 3.98307 | BX7: 3.05428 | CA7: 2.97767 | CB7: 5.57176 | CE7: 3.17348 | CF7: 1.03197
C8: 2.97217 | D8: 5.87239 | G8: 2.48184 | H8: 3.99884 | K8: 2.42583 | L8: 3.82233 | O8: 2.49268 | P8: 4.68885 | S8: 3.16111 | T8: 4.93388 | W8: 3.16046 | X8: 4.78713 | AA8: 2.47169 | AB8: 5.62527 | AE8: 3.45686 | AF8: 4.78968 | AI8: 3.42496 | AJ8: 8.5016 | AM8: 2.89598 | AN8: 8.34129 | AQ8: 2.90168 | AR8: 7.3516 | AU8: 2.69955 | AV8: 9.3864 | AY8: 3.4592 | AZ8: 8.56338 | BC8: 3.66431 | BD8: 6.31744 | BG8: 3.9114 | BH8: 5.67698 | BK8: 4.02356 | BL8: 2.57861 | BO8: 2.91728 | BP8: 14.3038 | BS8: 3.9114 | BT8: 5.6644 | BW8: 4.02356 | BX8: 2.54834 | CA8: 2.91309 | CB8: 6.82039 | CE8: 3.12643 | CF8: 1.47465
C9: 3.1662 | D9: 5.85161 | G9: 2.37044 | H9: 3.84778 | K9: 2.41718 | L9: 3.77854 | O9: 2.45678 | P9: 4.50554 | S9: 3.20309 | T9: 4.9107 | W9: 3.20816 | X9: 4.84497 | AA9: 2.46479 | AB9: 5.63143 | AE9: 3.47377 | AF9: 4.79897 | AI9: 3.47767 | AJ9: 8.27586 | AM9: 2.77645 | AN9: 8.45327 | AQ9: 2.74695 | AR9: 7.43015 | AU9: 2.57436 | AV9: 9.46946 | AY9: 3.48265 | AZ9: 8.51575 | BC9: 3.70086 | BD9: 6.27488 | BG9: 3.9747 | BH9: 4.58024 | BK9: 4.05045 | BL9: 2.3295 | BO9: 2.90309 | BP9: 14.3719 | BS9: 3.9747 | BT9: 4.22378 | BW9: 4.05045 | BX9: 2.19665 | CA9: 2.79556 | CB9: 6.95022 | CE9: 2.90991 | CF9: 3.63495
C10: 3.34158 | D10: 5.90333 | G10: 2.28351 | H10: 3.40754 | K10: 2.38459 | L10: 3.6118 | O10: 2.33653 | P10: 3.91811 | S10: 3.43583 | T10: 4.9204 | W10: 3.44419 | X10: 4.97705 | AA10: 2.44768 | AB10: 5.55089 | AE10: 3.53132 | AF10: 4.90968 | AI10: 3.61535 | AJ10: 8.23864 | AM10: 2.70874 | AN10: 8.3524 | AQ10: 2.69246 | AR10: 7.36191 | AU10: 2.50407 | AV10: 10.049 | AY10: 3.48698 | AZ10: 8.50402 | BC10: 3.86025 | BD10: 6.54841 | BG10: 4.0493 | BH10: 2.48489 | BK10: 4.05019 | BL10: 2.56253 | BO10: 2.72974 | BP10: 16.9669 | BS10: 4.0493 | BT10: 2.405 | BW10: 4.05019 | BX10: 2.42891 | CA10: 2.71321 | CB10: 6.8615 | CE10: 2.79077 | CF10: 6.54018
C11: 3.41697 | D11: 5.9535 | G11: 2.23097 | H11: 3.08446 | K11: 2.26754 | L11: 3.11574 | O11: 2.31878 | P11: 3.75448 | S11: 3.45574 | T11: 4.93763 | W11: 3.4628 | X11: 4.98148 | AA11: 2.32924 | AB11: 5.02174 | AE11: 3.66733 | AF11: 5.18588 | AI11: 3.69253 | AJ11: 8.14485 | AM11: 2.54273 | AN11: 8.53788 | AQ11: 2.49995 | AR11: 7.04775 | AU11: 2.39385 | AV11: 10.5126 | AY11: 3.67864 | AZ11: 8.01618 | BC11: 3.92017 | BD11: 6.77352 | BG11: 4.05518 | BH11: 2.34868 | BK11: 4.04857 | BL11: 4.26075 | BO11: 2.69441 | BP11: 17.6326 | BS11: 4.05518 | BT11: 2.26233 | BW11: 4.04857 | BX11: 4.08954 | CA11: 2.66108 | CB11: 6.89934 | CE11: 2.72164 | CF11: 7.85562
C12: 3.56675 | D12: 6.0988 | G12: 2.19692 | H12: 2.61527 | K12: 2.23854 | L12: 2.90935 | O12: 2.2272 | P12: 2.9808 | S12: 3.63503 | T12: 5.32335 | W12: 3.66628 | X12: 5.30714 | AA12: 2.2911 | AB12: 4.5438 | AE12: 3.69321 | AF12: 5.26166 | AI12: 3.71361 | AJ12: 8.18371 | AM12: 2.52081 | AN12: 8.57903 | AQ12: 2.47919 | AR12: 7.04533 | AU12: 2.32861 | AV12: 11.1361 | AY12: 3.73152 | AZ12: 8.11001 | BC12: 4.05535 | BD12: 3.27896 | BG12: 4.0535 | BH12: 3.46931 | BK12: 3.98057 | BL12: 6.4814 | BO12: 2.56794 | BP12: 20.8985 | BS12: 4.0535 | BT12: 3.31828 | BW12: 3.98057 | BX12: 6.4122 | CA12: 2.54728 | CB12: 6.82753 | CE12: 2.59322 | CF12: 9.25896
C13: 3.60578 | D13: 6.13473 | G13: 2.11655 | H13: 1.88703 | K13: 2.17137 | L13: 2.30771 | O13: 2.20524 | P13: 2.6271 | S13: 3.65561 | T13: 5.35031 | W13: 3.68124 | X13: 5.30523 | AA13: 2.21378 | AB13: 3.46928 | AE13: 3.91435 | AF13: 5.80088 | AI13: 3.88727 | AJ13: 8.35746 | AM13: 2.49062 | AN13: 8.63484 | AQ13: 2.43993 | AR13: 7.06803 | AU13: 2.26729 | AV13: 10.6883 | AY13: 3.90583 | AZ13: 8.24379 | BC13: 4.05712 | BD13: 3.23216 | BG13: 4.05347 | BH13: 3.51868 | BK13: 3.93695 | BL13: 7.90324 | BO13: 2.49382 | BP13: 21.8067 | BS13: 4.05347 | BT13: 3.3671 | BW13: 3.93695 | BX13: 7.86407 | CA13: 2.45079 | CB13: 7.05627 | CE13: 2.58382 | CF13: 9.50836
C14: 3.61358 | D14: 6.1666 | G14: 2.08139 | H14: 1.58422 | K14: 2.12759 | L14: 1.6847 | O14: 2.13798 | P14: 2.11301 | S14: 3.83672 | T14: 5.8534 | W14: 3.86791 | X14: 5.98256 | AA14: 2.16524 | AB14: 2.68014 | AE14: 3.94863 | AF14: 5.02533 | AI14: 3.93 | AJ14: 8.50311 | AM14: 2.36455 | AN14: 9.04504 | AQ14: 2.32955 | AR14: 7.51489 | AU14: 2.19744 | AV14: 10.7837 | AY14: 3.96653 | AZ14: 6.7017 | BC14: 4.05716 | BD14: 3.20761 | BG14: 4.05205 | BH14: 3.54652 | BK14: 3.91356 | BL14: 9.12711 | BO14: 2.4497 | BP14: 22.53 | BS14: 4.05205 | BT14: 3.39809 | BW14: 3.91356 | BX14: 9.08402 | CA14: 2.3967 | CB14: 7.34262 | CE14: 2.55935 | CF14: 10.0425
C15: 3.62377 | D15: 6.19179 | G15: 2.01936 | H15: 0.874973 | K15: 2.08433 | L15: 1.31999 | O15: 2.06898 | P15: 1.17998 | S15: 3.86641 | T15: 5.88208 | W15: 3.89653 | X15: 6.06576 | AA15: 2.15453 | AB15: 2.42504 | AE15: 3.98194 | AF15: 4.35948 | AI15: 4.04616 | AJ15: 4.03289 | AM15: 2.30894 | AN15: 9.32072 | AQ15: 2.27366 | AR15: 6.29842 | AU15: 2.15025 | AV15: 9.63818 | AY15: 4.00448 | AZ15: 5.65814 | BC15: 4.05867 | BD15: 3.41531 | BG15: 3.91446 | BH15: 8.72036 | BK15: 3.89746 | BL15: 9.00066 | BO15: 2.41039 | BP15: 24.6481 | BS15: 3.91446 | BT15: 8.80729 | BW15: 3.89746 | BX15: 8.95406 | CA15: 2.34569 | CB15: 7.62823 | CE15: 2.4511 | CF15: 12.7726
C16: 3.82045 | D16: 6.67861 | G16: 2.06104 | H16: 1.27106 | K16: 2.02906 | L16: 0.920179 | O16: 2.03815 | P16: 0.883321 | S16: 3.95515 | T16: 3.89678 | W16: 3.97227 | X16: 4.41484 | AA16: 2.13953 | AB16: 2.18853 | AE16: 4.0531 | AF16: 2.49716 | AI16: 4.05687 | AJ16: 3.4746 | AM16: 2.26158 | AN16: 8.734 | AQ16: 2.19233 | AR16: 5.51414 | AU16: 2.08828 | AV16: 7.45585 | AY16: 4.05955 | AZ16: 3.52487 | BC16: 4.05397 | BD16: 3.60715 | BG16: 3.88343 | BH16: 8.5968 | BK16: 3.69113 | BL16: 8.25061 | BO16: 2.33852 | BP16: 26.6085 | BS16: 3.88343 | BT16: 8.67992 | BW16: 3.69113 | BX16: 8.2516 | CA16: 2.29605 | CB16: 8.10945 | CE16: 2.41648 | CF16: 13.2765
C17: 3.86489 | D17: 6.86902 | G17: 2.1205 | H17: 2.19376 | K17: 2.06462 | L17: 1.36169 | O17: 2.11884 | P17: 1.55135 | S17: 4.03442 | T17: 2.3688 | W17: 4.04188 | X17: 2.77397 | AA17: 2.09478 | AB17: 1.4019 | AE17: 4.0533 | AF17: 2.50864 | AI17: 4.05695 | AJ17: 3.32564 | AM17: 2.18655 | AN17: 7.77245 | AQ17: 2.17177 | AR17: 4.96798 | AU17: 2.11683 | AV17: 6.84409 | AY17: 4.06037 | AZ17: 3.41213 | BC17: 3.98533 | BD17: 6.16824 | BG17: 3.67689 | BH17: 8.47685 | BK17: 3.686 | BL17: 8.24332 | BO17: 2.29053 | BP17: 28.4606 | BS17: 3.67689 | BT17: 8.47841 | BW17: 3.686 | BX17: 8.24432 | CA17: 2.21412 | CB17: 7.90293 | CE17: 2.32985 | CF17: 17.3327
C18: 3.95084 | D18: 3.66614 | G18: 2.12378 | H18: 2.24155 | K18: 2.12935 | L18: 2.41239 | O18: 2.13756 | P18: 1.69021 | S18: 4.03443 | T18: 2.31077 | W18: 4.04207 | X18: 2.61794 | AA18: 2.06166 | AB18: 0.874181 | AE18: 4.05366 | AF18: 3.31123 | AI18: 4.05759 | AJ18: 3.03363 | AM18: 2.16633 | AN18: 7.35243 | AQ18: 2.14215 | AR18: 4.27945 | AU18: 2.17958 | AV18: 7.11691 | AY18: 4.06093 | AZ18: 3.89833 | BC18: 3.9349 | BD18: 8.05668 | BG18: 3.66347 | BH18: 8.46376 | BK18: 3.63506 | BL18: 8.38101 | BO18: 2.21292 | BP18: 34.1175 | BS18: 3.66347 | BT18: 8.46492 | BW18: 3.63506 | BX18: 8.38173 | CA18: 2.16004 | CB18: 5.91988 | CE18: 2.27718 | CF18: 20.6016
C19: 3.99232 | D19: 2.5685 | G19: 2.24293 | H19: 3.7598 | K19: 2.12936 | L19: 2.41249 | O19: 2.14359 | P19: 1.75057 | S19: 4.03448 | T19: 3.08454 | W19: 4.04211 | X19: 2.64956 | AA19: 2.10755 | AB19: 1.06284 | AE19: 4.0205 | AF19: 4.39814 | AI19: 3.95629 | AJ19: 5.86167 | AM19: 2.14005 | AN19: 7.51525 | AQ19: 2.10893 | AR19: 3.25203 | AU19: 2.18933 | AV19: 7.36742 | AY19: 3.98789 | AZ19: 7.98504 | BC19: 3.76448 | BD19: 9.98675 | BG19: 3.47878 | BH19: 8.17021 | BK19: 3.47526 | BL19: 8.84457 | BO19: 2.16493 | BP19: 29.3675 | BS19: 3.47878 | BT19: 8.17064 | BW19: 3.47526 | BX19: 8.84438 | CA19: 2.09777 | CB19: 4.14574 | CE19: 2.21318 | CF19: 22.5297
... C53: 2.2222 | D53: 4.19523 | G53: 2.91876 | H53: 4.91104 | K53: 3.22099 | L53: 6.52495 | O53: 3.30958 | P53: 6.39758 | S53: 2.54584 | T53: 4.53167 | W53: 2.34985 | X53: 2.91885 | AA53: 3.37684 | AB53: 7.2697 | AE53: 2.55818 | AF53: 3.26946 | AI53: 2.54583 | AJ53: 11.2595 | AM53: 3.89019 | AN53: 8.40207 | AQ53: 3.48907 | AR53: 7.60363 | AU53: 3.27272 | AV53: 8.68372 | AY53: 2.55314 | AZ53: 11.7456 | BC53: 3.22447 | BD53: 6.6087 | BG53: 3.54481 | BH53: 9.07498 | BK53: 3.32117 | BL53: 10.3349 | BO53: 3.67128 | BP53: 6.59057 | BS53: 3.54481 | BT53: 9.07294 | BW53: 3.32117 | BX53: 10.3335 | CA53: 3.49611 | CB53: -1.81737 | CE53: 3.391 | CF53: -0.40024
C54: 2.31824 | D54: 4.59932 | G54: 2.81882 | H54: 4.78271 | K54: 3.04226 | L54: 5.71017 | O54: 3.2131 | P54: 6.28059 | S54: 2.62487 | T54: 4.60814 | W54: 2.36446 | X54: 2.96972 | AA54: 3.31662 | AB54: 7.33292 | AE54: 2.7573 | AF54: 3.76818 | AI54: 2.74996 | AJ54: 11.2179 | AM54: 3.72682 | AN54: 8.49766 | AQ54: 3.31212 | AR54: 7.32038 | AU54: 3.09474 | AV54: 8.91738 | AY54: 2.59962 | AZ54: 11.7238 | BG54: 3.57794 | BH54: 8.80613 | BK54: 3.43257 | BL54: 9.3218 | BO54: 3.50288 | BP54: 8.68666 | BS54: 3.57794 | BT54: 8.80383 | BW54: 3.43257 | BX54: 9.32018 | CA54: 3.42182 | CB54: -1.43168 | CE54: 3.20739 | CF54: 0.846184
C55: 2.38895 | D55: 4.92809 | G55: 2.69037 | H55: 4.44961 | K55: 2.94031 | L55: 5.40256 | O55: 3.06197 | P55: 5.93558 | S55: 2.74473 | T55: 4.69727 | W55: 2.46892 | X55: 3.34281 | AA55: 3.20906 | AB55: 7.34033 | AE55: 2.77624 | AF55: 3.83046 | AI55: 2.76358 | AJ55: 11.2304 | AM55: 3.72261 | AN55: 8.50142 | AQ55: 3.24447 | AR55: 7.48416 | AU55: 2.99949 | AV55: 8.92922 | AY55: 2.713 | AZ55: 11.451 | BK55: 3.52419 | BL55: 8.37287 | BO55: 3.46859 | BP55: 9.08709 | BW55: 3.52419 | BX55: 8.3709 | CA55: 3.29575 | CB55: -0.505473
C56: 2.45795 | D56: 5.26094 | G56: 2.64047 | H56: 4.33404 | K56: 2.83151 | L56: 5.37584 | O56: 2.94826 | P56: 5.68038 | W56: 2.56056 | X56: 3.72307 | AA56: 3.08666 | AB56: 7.19961 | AE56: 2.96196 | AF56: 4.4489 | AI56: 2.84643 | AJ56: 10.9302 | AM56: 3.70598 | AN56: 8.49699 | AY56: 2.81057 | AZ56: 10.8378 | BK56: 3.57257 | BL56: 7.76326 | BO56: 3.36542 | BP56: 10.4279 | BW56: 3.57257 | BX56: 7.76059 | CA56: 3.21836 | CB56: 1.32561
C57: 2.48869 | D57: 5.43543 | K57: 2.67034 | L57: 4.9059 | O57: 2.84333 | P57: 5.41536 | W57: 2.66405 | X57: 3.98042 | AA57: 3.04512 | AB57: 7.158 | AI57: 2.9653 | AJ57: 10.0672 | AM57: 3.55985 | AN57: 8.36444 | AY57: 2.91723 | AZ57: 9.81295 | BK57: 3.7075 | BL57: 6.61025 | BO57: 3.25442 | BP57: 11.8852 | BW57: 3.7075 | BX57: 6.60649 | CA57: 3.10031 | CB57: 3.19994
C58: 2.69881 | D58: 5.87967 | O58: 2.70627 | P58: 5.10268 | W58: 2.75073 | X58: 4.27213 | AA58: 3.0145 | AB58: 6.98855 | AM58: 3.52908 | AN58: 8.3297 | AY58: 2.96963 | AZ58: 9.5607 | BK58: 3.81041 | BL58: 5.17439 | BW58: 3.81041 | BX58: 5.165
C59: 2.7128 | D59: 5.90637 | AA59: 2.8736 | AB59: 6.43583 | AM59: 3.4324 | AN59: 8.33647 | BW59: 3.88484 | BX59: 4.1977
AA60: 2.78517 | AB60: 6.00616 | AM60: 3.32847 | AN60: 8.21493
AM61: 3.28562 | AN61: 8.22438
